Client id,Client Name,Gender ID,Age,Age _T,Dateof Birth,Caste,Religion,Home Ownership,Client Income Range,Employment Type,Credit Score
2,Meera Chopra,Female,36-45,36,1/1/1981,OBC,Christian,RENT,75K-100K,Self-Employed,419
3,Laksh Joshi,Female,36-45,36,1/1/1981,OBC,Christian,RENT,100K+,Self-Employed,357
4,Diya Joshi,Female,36-45,43,1/1/1974,SC,Christian,RENT,50K-75K,Self-Employed,645
5,Meera Gupta,Female,46-55,55,1/1/1962,ST,Christian,RENT,100K+,Business,773
6,Ishaan Mehta,Female,18-25,23,1/1/1994,OBC,Hindu,RENT,100K+,Business,416
7,Vivaan Reddy,Female,36-45,37,1/1/1980,OBC,Hindu,RENT,25K-50K,Salaried,426
8,Kavya Gupta,Female,36-45,39,1/1/1978,OBC,Hindu,RENT,50K-75K,Salaried,692
9,Aditya Joshi,Female,46-55,54,1/1/1963,OBC,Hindu,RENT,50K-75K,Business,357
10,Ishaan Mehta,Female,36-45,39,1/1/1978,OBC,Hindu,OWN,50K-75K,Self-Employed,812
11,Vivaan Patel,Female,26-35,29,1/1/1988,OBC,Hindu,RENT,100K+,Salaried,395
12,Meera Sharma,Female,36-45,45,1/1/1972,OBC,Hindu,OWN,75K-100K,Business,417
13,Laksh Reddy,Female,36-45,36,10/6/1981,OBC,Hindu,OWN,50K-75K,Business,787
14,Ishaan Gupta,Female,26-35,28,1/1/1989,SC,Hindu,RENT,100K+,Business,536
15,Ananya Reddy,Female,36-45,39,18-05-1978,SC,Hindu,RENT,25K-50K,Self-Employed,571
16,Vivaan Malhotra,Female,46-55,53,1/1/1964,SC,Hindu,RENT,75K-100K,Business,488
17,Ananya Gupta,Female,36-45,44,1/1/1973,SC,Hindu,RENT,25K-50K,Business,746
18,Meera Verma,Female,46-55,47,1/1/1970,SC,Hindu,RENT,75K-100K,Business,546
19,Vivaan Patel,Female,46-55,51,1/1/1966,SC,Hindu,MORTGAGE,100K+,Business,375
20,Meera Nair,Female,36-45,43,1/1/1974,SC,Hindu,MORTGAGE,<25K,Salaried,453
21,Nisha Patel,Female,26-35,34,1/1/1983,SC,Hindu,RENT,75K-100K,Salaried,734
22,Meera Patel,Female,26-35,28,4/12/1989,SC,Hindu,RENT,25K-50K,Business,385
23,Ananya Sharma,Female,26-35,32,1/1/1985,OBC,Hindu,RENT,100K+,Self-Employed,584
24,Vivaan Chopra,Female,46-55,47,12/3/1970,General,Hindu,OWN,75K-100K,Salaried,519
25,Aarav Sharma,Female,26-35,30,18-02-1987,SC,Hindu,RENT,<25K,Business,368
26,Meera Sharma,Female,18-25,22,14-12-1995,General,Hindu,RENT,<25K,Salaried,346
27,Kavya Sharma,Female,36-45,42,16-08-1975,General,Hindu,MORTGAGE,50K-75K,Salaried,393
28,Diya Nair,Female,18-25,25,1/1/1992,General,Hindu,RENT,50K-75K,Self-Employed,752
29,Kavya Reddy,Female,18-25,23,2/2/1994,General,Hindu,RENT,25K-50K,Business,503
30,Vivaan Gupta,Female,36-45,38,1/1/1979,General,Hindu,MORTGAGE,75K-100K,Business,517
31,Kavya Gupta,Female,36-45,45,1/1/1972,General,Hindu,RENT,75K-100K,Self-Employed,773
32,Nisha Joshi,Female,26-35,33,1/1/1984,General,Hindu,MORTGAGE,50K-75K,Self-Employed,731
33,Ananya Reddy,Female,18-25,22,1/1/1995,General,Hindu,MORTGAGE,75K-100K,Business,640
34,Kavya Chopra,Female,18-25,23,1/1/1994,General,Hindu,RENT,75K-100K,Business,588
35,Nisha Chopra,Female,26-35,28,1/1/1989,General,Hindu,RENT,<25K,Self-Employed,553
36,Kavya Reddy,Female,26-35,35,1/1/1982,General,Hindu,RENT,50K-75K,Salaried,656
37,Nisha Chopra,Female,46-55,52,1/1/1965,General,Hindu,RENT,100K+,Salaried,322
38,Aditya Sharma,Female,26-35,32,1/1/1985,General,Hindu,RENT,50K-75K,Self-Employed,821
39,Nisha Patel,Female,36-45,41,1/1/1976,General,Hindu,RENT,100K+,Salaried,399
40,Kavya Verma,Female,36-45,37,1/1/1980,General,Hindu,RENT,<25K,Self-Employed,479
41,Ishaan Sharma,Female,26-35,26,1/1/1991,General,Hindu,RENT,25K-50K,Salaried,522
42,Ananya Malhotra,Female,46-55,47,1/1/1973,OBC,Hindu,RENT,75K-100K,Salaried,741
43,Aditya Joshi,Female,26-35,35,1/1/1984,General,Hindu,RENT,<25K,Business,624
44,Nisha Reddy,Female,36-45,44,1/1/1975,OBC,Hindu,MORTGAGE,75K-100K,Business,815
45,Laksh Reddy,Female,26-35,31,11/1/1988,SC,Hindu,RENT,25K-50K,Salaried,315
46,Aditya Reddy,Female,36-45,38,1/1/1982,OBC,Hindu,MORTGAGE,25K-50K,Salaried,635
47,Ananya Sharma,Female,46-55,52,1/1/1967,Minority,Muslim,RENT,<25K,Business,557
48,Diya Reddy,Female,36-45,36,1/1/1983,SC,Hindu,MORTGAGE,25K-50K,Business,796
49,Aarav Sharma,Female,46-55,46,5/4/1973,SC,Hindu,RENT,100K+,Business,459
50,Nisha Mehta,Female,36-45,38,1/11/1981,SC,Muslim,RENT,25K-50K,Self-Employed,774
51,Ishaan Malhotra,Female,18-25,22,1/1/1997,OBC,Hindu,RENT,75K-100K,Salaried,679
52,Laksh Patel,Female,26-35,28,1/1/1991,SC,Hindu,MORTGAGE,75K-100K,Business,844
53,Meera Chopra,Female,46-55,50,1/1/1968,SC,Hindu,RENT,75K-100K,Salaried,726
54,Diya Chopra,Female,26-35,35,20-03-1984,SC,Hindu,RENT,75K-100K,Self-Employed,567
55,Kavya Malhotra,Female,26-35,33,30-05-1985,General,Hindu,RENT,100K+,Self-Employed,716
56,Laksh Patel,Female,46-55,46,1/1/1973,General,Hindu,RENT,50K-75K,Business,467
57,Laksh Patel,Female,36-45,44,25-05-1974,ST,Hindu,RENT,<25K,Self-Employed,342
58,Laksh Gupta,Female,46-55,52,1/1/1968,SC,Hindu,RENT,75K-100K,Salaried,584
59,Aditya Mehta,Female,36-45,38,1/1/1980,SC,Hindu,OWN,25K-50K,Business,696
60,Ananya Chopra,Female,36-45,45,1/1/1974,SC,Hindu,RENT,75K-100K,Salaried,311
61,Diya Patel,Female,36-45,44,8/9/1975,General,Hindu,MORTGAGE,25K-50K,Salaried,601
62,Ishaan Nair,Female,36-45,36,26-03-1983,OBC,Hindu,MORTGAGE,25K-50K,Self-Employed,552
63,Nisha Patel,Female,36-45,43,1/1/1976,OBC,Hindu,RENT,75K-100K,Self-Employed,798
64,Meera Mehta,Female,46-55,50,1/1/1970,OBC,Hindu,RENT,100K+,Self-Employed,334
65,Aditya Malhotra,Female,46-55,51,1/1/1968,OBC,Hindu,RENT,25K-50K,Self-Employed,389
66,Nisha Malhotra,Female,36-45,42,1/1/1977,SC,Hindu,RENT,25K-50K,Self-Employed,717
67,Kavya Mehta,Female,36-45,37,12/1/1982,ST,Hindu,MORTGAGE,75K-100K,Business,414
68,Kavya Malhotra,Female,36-45,41,1/1/1978,OBC,Hindu,RENT,25K-50K,Salaried,495
69,Nisha Patel,Female,18-25,21,1/1/1998,General,Hindu,RENT,25K-50K,Salaried,800
70,Nisha Verma,Female,26-35,35,1/1/1984,SC,Hindu,RENT,75K-100K,Salaried,792
71,Meera Reddy,Female,46-55,49,1/1/1970,ST,Hindu,OWN,75K-100K,Salaried,374
72,Ananya Sharma,Female,26-35,29,10/11/1990,General,Hindu,MORTGAGE,<25K,Self-Employed,712
73,Ishaan Joshi,Female,36-45,43,2/4/1976,General,Hindu,RENT,100K+,Salaried,675
74,Meera Reddy,Female,26-35,32,1/1/1988,Minority,Muslim,RENT,100K+,Business,719
75,Vivaan Patel,Female,36-45,39,25-03-1980,General,Hindu,RENT,25K-50K,Business,576
76,Aarav Gupta,Female,26-35,27,12/3/1992,SC,Hindu,OWN,100K+,Salaried,693
77,Diya Joshi,Female,26-35,34,1/1/1984,OBC,Hindu,RENT,25K-50K,Salaried,756
78,Ishaan Nair,Female,18-25,24,10/8/1995,SC,Hindu,MORTGAGE,<25K,Business,491
79,Kavya Sharma,Female,26-35,26,1/1/1993,SC,Hindu,RENT,75K-100K,Business,398
80,Vivaan Joshi,Female,26-35,33,15-06-1986,SC,Sikh,MORTGAGE,75K-100K,Self-Employed,847
81,Vivaan Joshi,Female,26-35,29,1/1/1990,Minority,Hindu,MORTGAGE,75K-100K,Business,395
82,Nisha Malhotra,Female,36-45,36,1/1/1983,SC,Hindu,MORTGAGE,100K+,Self-Employed,489
83,Ishaan Reddy,Female,26-35,33,8/2/1986,General,Muslim,RENT,<25K,Self-Employed,336
84,Nisha Reddy,Female,36-45,42,1/1/1977,SC,Hindu,RENT,100K+,Self-Employed,668
85,Nisha Verma,Female,26-35,26,1/1/1993,OBC,Hindu,RENT,100K+,Self-Employed,824
86,Laksh Nair,Female,36-45,38,1/1/1980,Minority,Muslim,RENT,<25K,Self-Employed,578
87,Aarav Joshi,Female,18-25,22,27-10-1997,General,Hindu,RENT,<25K,Salaried,516
88,Diya Chopra,Female,46-55,49,1/1/1970,General,Hindu,RENT,<25K,Business,572
89,Ananya Malhotra,Female,36-45,44,1/1/1975,SC,Hindu,MORTGAGE,<25K,Self-Employed,361
90,Nisha Chopra,Female,46-55,49,10/11/1970,SC,Hindu,RENT,75K-100K,Business,641
91,Ishaan Mehta,Female,26-35,31,1/1/1988,ST,Sikh,RENT,50K-75K,Business,696
92,Laksh Mehta,Female,36-45,40,1/1/1979,ST,Sikh,RENT,50K-75K,Self-Employed,318
93,Diya Patel,Female,18-25,,,ST,Sikh,MORTGAGE,<25K,Salaried,476
94,Aditya Verma,Female,46-55,49,3/7/1970,ST,Sikh,RENT,50K-75K,Self-Employed,695
95,Aarav Joshi,Female,36-45,38,1/1/1981,ST,Sikh,RENT,50K-75K,Salaried,744
96,Meera Joshi,Female,26-35,31,24-05-1988,ST,Sikh,OWN,<25K,Business,532
97,Vivaan Mehta,Female,26-35,28,1/1/1990,ST,Sikh,RENT,50K-75K,Salaried,375
98,Nisha Verma,Female,18-25,22,10/10/1996,ST,Sikh,MORTGAGE,100K+,Salaried,564
99,Aarav Verma,Female,26-35,33,2/6/1985,ST,Sikh,MORTGAGE,25K-50K,Salaried,754
100,Kavya Patel,Female,36-45,38,1/1/1980,ST,Sikh,MORTGAGE,25K-50K,Business,683
101,Meera Gupta,Female,46-55,52,1/1/1967,ST,Sikh,RENT,<25K,Business,805
102,Aditya Mehta,Female,26-35,32,1/1/1986,ST,Sikh,RENT,75K-100K,Salaried,666
103,Nisha Verma,Female,18-25,24,1/1/1994,ST,Sikh,RENT,<25K,Salaried,443
104,Meera Nair,Female,36-45,38,1/1/1980,ST,Sikh,OWN,75K-100K,Self-Employed,368
105,Ananya Mehta,Female,36-45,38,1/1/1980,ST,Sikh,RENT,25K-50K,Salaried,398
106,Laksh Sharma,Female,26-35,29,1/1/1989,ST,Sikh,MORTGAGE,<25K,Self-Employed,695
107,Ananya Reddy,Female,26-35,29,1/1/1989,ST,Sikh,RENT,100K+,Salaried,324
108,Vivaan Gupta,Female,46-55,50,1/1/1968,ST,Sikh,RENT,50K-75K,Self-Employed,768
109,Ananya Mehta,Female,26-35,30,1/1/1988,ST,Sikh,RENT,75K-100K,Business,783
110,Ananya Gupta,Female,36-45,38,1/1/1981,ST,Sikh,RENT,50K-75K,Salaried,450
111,Kavya Mehta,Female,18-25,23,12/12/1996,ST,Sikh,MORTGAGE,50K-75K,Salaried,443
112,Ishaan Nair,Female,36-45,41,1/1/1977,ST,Sikh,MORTGAGE,<25K,Salaried,338
113,Meera Nair,Female,46-55,49,1/1/1969,ST,Sikh,OWN,50K-75K,Salaried,408
114,Diya Sharma,Female,26-35,34,1/1/1984,ST,Sikh,MORTGAGE,100K+,Self-Employed,341
115,Laksh Malhotra,Female,36-45,38,1/1/1981,ST,Sikh,MORTGAGE,50K-75K,Salaried,485
116,Nisha Joshi,Female,26-35,35,1/1/1984,ST,Sikh,RENT,<25K,Business,697
117,Ishaan Sharma,Female,46-55,46,1/1/1973,ST,Sikh,MORTGAGE,100K+,Business,522
118,Meera Patel,Female,26-35,28,29-03-1991,ST,Sikh,RENT,25K-50K,Salaried,432
119,Aarav Patel,Female,26-35,31,1/1/1988,ST,Sikh,MORTGAGE,50K-75K,Business,462
120,Kavya Malhotra,Female,36-45,36,1/1/1983,ST,Sikh,RENT,<25K,Salaried,514
121,Meera Joshi,Female,36-45,42,1/1/1977,ST,Sikh,RENT,25K-50K,Salaried,534
122,Diya Mehta,Female,36-45,38,1/1/1981,ST,Sikh,MORTGAGE,25K-50K,Business,308
123,Meera Chopra,Female,36-45,37,1/1/1983,ST,Sikh,RENT,75K-100K,Salaried,373
124,Kavya Verma,Female,36-45,39,1/1/1980,ST,Sikh,RENT,100K+,Business,791
125,Nisha Reddy,Female,36-45,38,1/1/1981,ST,Sikh,RENT,50K-75K,Self-Employed,552
126,Meera Joshi,Female,46-55,53,1/1/1966,ST,Sikh,RENT,<25K,Salaried,529
127,Diya Nair,Female,26-35,34,12/5/1984,ST,Sikh,RENT,75K-100K,Self-Employed,818
128,Nisha Reddy,Female,26-35,33,1/1/1987,ST,Sikh,RENT,100K+,Business,473
129,Aditya Reddy,Female,36-45,38,1/1/1982,ST,Sikh,RENT,75K-100K,Self-Employed,467
130,Vivaan Verma,Female,26-35,34,29-09-1985,ST,Sikh,MORTGAGE,100K+,Self-Employed,469
131,Kavya Patel,Female,36-45,36,1/1/1983,ST,Sikh,RENT,100K+,Business,692
132,Diya Malhotra,Female,18-25,21,3/1/1998,ST,Sikh,RENT,50K-75K,Self-Employed,493
133,Aditya Nair,Female,26-35,28,8/8/1991,ST,Sikh,MORTGAGE,100K+,Self-Employed,816
134,Kavya Malhotra,Female,26-35,34,1/1/1985,ST,Sikh,MORTGAGE,75K-100K,Business,328
135,Meera Verma,Female,26-35,34,1/1/1984,ST,Sikh,RENT,100K+,Self-Employed,464
136,Kavya Gupta,Female,26-35,35,1/1/1984,ST,Sikh,RENT,50K-75K,Business,721
137,Ananya Nair,Female,36-45,44,1/1/1975,ST,Sikh,RENT,50K-75K,Self-Employed,638
138,Ananya Nair,Female,36-45,39,1/1/1981,ST,Sikh,RENT,75K-100K,Business,795
139,Meera Nair,Female,46-55,50,1/1/1970,ST,Sikh,RENT,25K-50K,Business,664
140,Nisha Nair,Female,26-35,28,8/11/1991,ST,Sikh,MORTGAGE,25K-50K,Self-Employed,641
141,Nisha Malhotra,Female,26-35,29,1/1/1991,ST,Sikh,MORTGAGE,100K+,Self-Employed,799
142,Diya Reddy,Female,36-45,40,28-12-1979,ST,Sikh,RENT,<25K,Self-Employed,810
143,Vivaan Verma,Female,46-55,52,1/1/1967,ST,Sikh,RENT,100K+,Salaried,626
144,Kavya Verma,Female,26-35,35,5/1/1984,ST,Sikh,RENT,75K-100K,Salaried,516
145,Aditya Patel,Female,26-35,27,11/4/1992,ST,Sikh,MORTGAGE,75K-100K,Salaried,600
146,Vivaan Mehta,Female,18-25,24,1/3/1994,ST,Sikh,RENT,75K-100K,Business,431
147,Meera Gupta,Female,26-35,29,1/1/1989,ST,Sikh,RENT,75K-100K,Self-Employed,369
148,Meera Chopra,Female,46-55,53,5/7/1966,ST,Sikh,RENT,75K-100K,Business,551
149,Ishaan Chopra,Female,18-25,22,16-10-1997,ST,Sikh,MORTGAGE,50K-75K,Salaried,714
150,Diya Verma,Female,26-35,35,1/1/1984,ST,Sikh,MORTGAGE,25K-50K,Self-Employed,744
151,Vivaan Gupta,Female,46-55,46,1/1/1973,ST,Sikh,OWN,75K-100K,Business,481
152,Kavya Mehta,Female,26-35,31,1/1/1987,ST,Muslim,RENT,<25K,Self-Employed,466
153,Kavya Mehta,Female,46-55,52,1/1/1967,General,Muslim,RENT,<25K,Business,390
154,Meera Reddy,Female,36-45,45,1/3/1974,General,Muslim,MORTGAGE,<25K,Self-Employed,830
155,Laksh Nair,Female,46-55,51,1/10/1967,General,Muslim,RENT,<25K,Salaried,338
156,Laksh Mehta,Female,36-45,44,28-07-1975,General,Muslim,RENT,50K-75K,Salaried,425
157,Aarav Reddy,Female,46-55,55,1/1/1963,General,Muslim,MORTGAGE,<25K,Self-Employed,750
158,Vivaan Gupta,Female,56-63,57,11/8/1962,General,Muslim,RENT,75K-100K,Business,472
159,Vivaan Nair,Female,46-55,49,3/1/1970,General,Muslim,RENT,100K+,Salaried,519
160,Vivaan Chopra,Female,46-55,49,1/1/1969,General,Muslim,RENT,<25K,Salaried,357
161,Kavya Reddy,Female,56-63,59,1/1/1960,General,Muslim,RENT,50K-75K,Salaried,775
162,Nisha Reddy,Female,36-45,38,5/11/1980,General,Muslim,RENT,50K-75K,Self-Employed,755
163,Ananya Reddy,Female,18-25,,,General,Muslim,MORTGAGE,<25K,Self-Employed,660
164,Kavya Chopra,Female,36-45,43,10/3/1975,General,Muslim,OWN,100K+,Business,300
165,Laksh Mehta,Female,36-45,44,1/1/1975,General,Muslim,MORTGAGE,<25K,Business,686
166,Aditya Reddy,Female,26-35,29,1/1/1989,General,Muslim,RENT,50K-75K,Business,647
167,Vivaan Patel,Female,46-55,55,1/1/1964,General,Muslim,MORTGAGE,25K-50K,Self-Employed,489
168,Laksh Malhotra,Female,46-55,51,1/1/1968,General,Muslim,MORTGAGE,75K-100K,Self-Employed,804
169,Kavya Mehta,Female,36-45,45,14-03-1973,General,Muslim,OWN,50K-75K,Business,490
170,Laksh Gupta,Female,36-45,36,8/9/1983,General,Muslim,OWN,<25K,Business,807
171,Diya Nair,Female,36-45,38,12/10/1980,General,Muslim,MORTGAGE,75K-100K,Self-Employed,668
172,Aditya Mehta,Female,46-55,46,1/1/1974,Minority,Muslim,RENT,<25K,Business,708
173,Meera Malhotra,Female,46-55,50,1/1/1970,Minority,Muslim,RENT,<25K,Salaried,416
174,Ananya Malhotra,Female,46-55,54,1/1/1965,Minority,Muslim,RENT,25K-50K,Self-Employed,433
175,Meera Mehta,Female,36-45,45,1/1/1974,Minority,Muslim,RENT,75K-100K,Business,357
176,Ishaan Patel,Female,36-45,39,1/1/1980,Minority,Muslim,RENT,75K-100K,Self-Employed,472
177,Meera Malhotra,Female,36-45,44,1/1/1975,Minority,Muslim,RENT,25K-50K,Salaried,448
178,Vivaan Nair,Female,46-55,50,1/1/1969,Minority,Muslim,RENT,50K-75K,Self-Employed,379
179,Laksh Sharma,Female,46-55,46,1/1/1973,Minority,Muslim,RENT,<25K,Self-Employed,512
180,Laksh Chopra,Female,46-55,55,22-04-1964,Minority,Muslim,RENT,100K+,Self-Employed,502
181,Kavya Gupta,Female,36-45,43,1/1/1976,Minority,Muslim,RENT,<25K,Self-Employed,528
182,Aarav Malhotra,Female,46-55,47,1/1/1972,Minority,Muslim,RENT,<25K,Salaried,526
183,Vivaan Chopra,Female,36-45,39,1/1/1979,Minority,Muslim,RENT,50K-75K,Self-Employed,831
184,Laksh Sharma,Female,36-45,37,1/1/1982,Minority,Muslim,RENT,<25K,Self-Employed,740
185,Ananya Gupta,Female,46-55,48,1/1/1972,Minority,Muslim,RENT,25K-50K,Business,701
186,Meera Gupta,Female,46-55,47,1/6/1972,Minority,Muslim,MORTGAGE,25K-50K,Self-Employed,346
187,Laksh Sharma,Female,56-63,56,1/1/1962,Minority,Muslim,MORTGAGE,75K-100K,Business,532
188,Aarav Malhotra,Female,46-55,46,1/8/1973,Minority,Muslim,MORTGAGE,100K+,Salaried,604
189,Meera Mehta,Female,46-55,49,5/10/1970,Minority,Muslim,MORTGAGE,<25K,Salaried,825
190,Kavya Reddy,Female,46-55,49,8/6/1970,Minority,Muslim,RENT,<25K,Salaried,442
191,Aditya Verma,Female,36-45,40,29-01-1979,Minority,Muslim,RENT,50K-75K,Salaried,714
192,Aarav Malhotra,Female,46-55,53,1/1/1966,Minority,Muslim,RENT,25K-50K,Business,812
193,Meera Sharma,Female,36-45,43,1/1/1976,Minority,Muslim,RENT,100K+,Self-Employed,672
194,Ananya Patel,Female,36-45,43,1/3/1975,Minority,Muslim,RENT,75K-100K,Salaried,558
195,Ananya Verma,Female,46-55,51,1/6/1967,OBC,Hindu,MORTGAGE,25K-50K,Self-Employed,770
196,Laksh Reddy,Female,26-35,29,1/1/1990,OBC,Hindu,RENT,75K-100K,Business,311
197,Ishaan Mehta,Female,46-55,54,10/10/1965,General,Hindu,MORTGAGE,50K-75K,Business,629
198,Nisha Joshi,Female,46-55,48,4/9/1971,General,Hindu,MORTGAGE,50K-75K,Business,657
199,Laksh Reddy,Female,26-35,34,1/1/1985,OBC,Hindu,RENT,<25K,Salaried,707
200,Laksh Sharma,Female,26-35,31,1/1/1988,SC,Hindu,RENT,100K+,Self-Employed,672
201,Kavya Chopra,Female,36-45,36,1/1/1984,Minority,Muslim,RENT,75K-100K,Self-Employed,307
202,Ishaan Reddy,Female,26-35,33,8/2/1986,General,Muslim,RENT,<25K,Self-Employed,336
203,Aarav Malhotra,Female,46-55,53,1/1/1966,Minority,Muslim,RENT,25K-50K,Business,812
204,Nisha Malhotra,Female,36-45,36,1/1/1983,SC,Hindu,MORTGAGE,100K+,Self-Employed,489
205,Meera Mehta,Female,46-55,49,5/10/1970,Minority,Muslim,MORTGAGE,<25K,Salaried,825
206,Kavya Malhotra,Female,36-45,41,1/1/1978,OBC,Hindu,RENT,25K-50K,Salaried,495
207,Nisha Reddy,Female,36-45,44,1/1/1975,OBC,Hindu,MORTGAGE,75K-100K,Business,815
208,Nisha Joshi,Female,26-35,33,1/1/1984,General,Hindu,MORTGAGE,50K-75K,Self-Employed,731
209,Aditya Nair,Female,26-35,28,8/8/1991,ST,Sikh,MORTGAGE,100K+,Self-Employed,816
210,Vivaan Joshi,Female,26-35,29,1/1/1990,Minority,Hindu,MORTGAGE,75K-100K,Business,395
211,Aditya Mehta,Female,26-35,32,1/1/1986,ST,Sikh,RENT,75K-100K,Salaried,666
212,Vivaan Gupta,Female,46-55,50,1/1/1968,ST,Sikh,RENT,50K-75K,Self-Employed,768
213,Kavya Verma,Female,36-45,39,1/1/1980,ST,Sikh,RENT,100K+,Business,791
214,Aarav Patel,Female,26-35,31,1/1/1988,ST,Sikh,MORTGAGE,50K-75K,Business,462
215,Kavya Gupta,Female,36-45,43,1/1/1976,Minority,Muslim,RENT,<25K,Self-Employed,528
216,Kavya Reddy,Female,46-55,49,8/6/1970,Minority,Muslim,RENT,<25K,Salaried,442
217,Meera Gupta,Female,46-55,55,1/1/1962,ST,Christian,RENT,100K+,Business,773
218,Meera Reddy,Female,46-55,49,1/1/1970,ST,Hindu,OWN,75K-100K,Salaried,374
219,Vivaan Patel,Female,46-55,51,1/1/1966,SC,Hindu,MORTGAGE,100K+,Business,375
220,Diya Nair,Female,18-25,25,1/1/1992,General,Hindu,RENT,50K-75K,Self-Employed,752
221,Aarav Verma,Female,26-35,33,2/6/1985,ST,Sikh,MORTGAGE,25K-50K,Salaried,754
222,Ananya Sharma,Female,26-35,29,10/11/1990,General,Hindu,MORTGAGE,<25K,Self-Employed,712
223,Nisha Patel,Female,36-45,43,1/1/1976,OBC,Hindu,RENT,75K-100K,Self-Employed,798
224,Ishaan Malhotra,Female,18-25,22,1/1/1997,OBC,Hindu,RENT,75K-100K,Salaried,679
225,Meera Verma,Female,26-35,34,1/1/1984,ST,Sikh,RENT,100K+,Self-Employed,464
226,Vivaan Verma,Female,46-55,52,1/1/1967,ST,Sikh,RENT,100K+,Salaried,626
227,Vivaan Chopra,Female,46-55,49,1/1/1969,General,Muslim,RENT,<25K,Salaried,357
228,Kavya Gupta,Female,36-45,39,1/1/1978,OBC,Hindu,RENT,50K-75K,Salaried,692
229,Vivaan Reddy,Female,36-45,37,1/1/1980,OBC,Hindu,RENT,25K-50K,Salaried,426
230,Meera Chopra,Female,46-55,53,5/7/1966,ST,Sikh,RENT,75K-100K,Business,551
231,Ishaan Nair,Female,18-25,24,10/8/1995,SC,Hindu,MORTGAGE,<25K,Business,491
232,Ananya Sharma,Female,26-35,29,10/11/1990,General,Hindu,MORTGAGE,<25K,Self-Employed,712
233,Laksh Reddy,Female,26-35,29,1/1/1990,OBC,Hindu,RENT,75K-100K,Business,311
234,Diya Mehta,Female,36-45,38,1/1/1981,ST,Sikh,MORTGAGE,25K-50K,Business,308
235,Meera Nair,Female,36-45,38,1/1/1980,ST,Sikh,OWN,75K-100K,Self-Employed,368
236,Nisha Chopra,Female,46-55,49,10/11/1970,SC,Hindu,RENT,75K-100K,Business,641
237,Kavya Malhotra,Female,26-35,33,30-05-1985,General,Hindu,RENT,100K+,Self-Employed,716
238,Laksh Sharma,Female,26-35,31,1/1/1988,SC,Hindu,RENT,100K+,Self-Employed,672
239,Kavya Malhotra,Female,26-35,33,30-05-1985,General,Hindu,RENT,100K+,Self-Employed,716
240,Meera Mehta,Female,46-55,49,5/10/1970,Minority,Muslim,MORTGAGE,<25K,Salaried,825
241,Kavya Gupta,Female,26-35,35,1/1/1984,ST,Sikh,RENT,50K-75K,Business,721
242,Kavya Verma,Female,36-45,37,1/1/1980,General,Hindu,RENT,<25K,Self-Employed,479
243,Meera Patel,Female,26-35,28,4/12/1989,SC,Hindu,RENT,25K-50K,Business,385
244,Vivaan Malhotra,Female,46-55,53,1/1/1964,SC,Hindu,RENT,75K-100K,Business,488
245,Nisha Chopra,Female,46-55,52,1/1/1965,General,Hindu,RENT,100K+,Salaried,322
246,Diya Joshi,Female,36-45,43,1/1/1974,SC,Christian,RENT,50K-75K,Self-Employed,645
247,Laksh Mehta,Female,36-45,44,1/1/1975,General,Muslim,MORTGAGE,<25K,Business,686
248,Aditya Mehta,Female,36-45,38,1/1/1980,SC,Hindu,OWN,25K-50K,Business,696
249,Meera Chopra,Female,46-55,50,1/1/1968,SC,Hindu,RENT,75K-100K,Salaried,726
250,Meera Joshi,Female,36-45,42,1/1/1977,ST,Sikh,RENT,25K-50K,Salaried,534
251,Diya Patel,Female,18-25,,,ST,Sikh,MORTGAGE,<25K,Salaried,476
252,Ishaan Patel,Female,36-45,39,1/1/1980,Minority,Muslim,RENT,75K-100K,Self-Employed,472
253,Laksh Nair,Female,46-55,51,1/10/1967,General,Muslim,RENT,<25K,Salaried,338
254,Laksh Patel,Female,26-35,28,1/1/1991,SC,Hindu,MORTGAGE,75K-100K,Business,844
255,Kavya Gupta,Female,36-45,45,1/1/1972,General,Hindu,RENT,75K-100K,Self-Employed,773
256,Meera Gupta,Female,46-55,52,1/1/1967,ST,Sikh,RENT,<25K,Business,805
257,Kavya Sharma,Female,26-35,26,1/1/1993,SC,Hindu,RENT,75K-100K,Business,398
258,Vivaan Verma,Female,46-55,52,1/1/1967,ST,Sikh,RENT,100K+,Salaried,626
259,Diya Joshi,Female,26-35,34,1/1/1984,OBC,Hindu,RENT,25K-50K,Salaried,756
260,Nisha Reddy,Female,36-45,38,1/1/1981,ST,Sikh,RENT,50K-75K,Self-Employed,552
261,Kavya Gupta,Female,36-45,39,1/1/1978,OBC,Hindu,RENT,50K-75K,Salaried,692
262,Nisha Patel,Female,18-25,21,1/1/1998,General,Hindu,RENT,25K-50K,Salaried,800
263,Diya Sharma,Female,26-35,34,1/1/1984,ST,Sikh,MORTGAGE,100K+,Self-Employed,341
264,Kavya Sharma,Female,36-45,42,16-08-1975,General,Hindu,MORTGAGE,50K-75K,Salaried,393
265,Meera Joshi,Female,46-55,53,1/1/1966,ST,Sikh,RENT,<25K,Salaried,529
266,Meera Reddy,Female,36-45,45,1/3/1974,General,Muslim,MORTGAGE,<25K,Self-Employed,830
267,Vivaan Gupta,Female,46-55,50,1/1/1968,ST,Sikh,RENT,50K-75K,Self-Employed,768
268,Aditya Patel,Female,26-35,27,11/4/1992,ST,Sikh,MORTGAGE,75K-100K,Salaried,600
269,Vivaan Patel,Female,46-55,51,1/1/1966,SC,Hindu,MORTGAGE,100K+,Business,375
270,Laksh Mehta,Female,36-45,44,28-07-1975,General,Muslim,RENT,50K-75K,Salaried,425
271,Meera Mehta,Female,36-45,45,1/1/1974,Minority,Muslim,RENT,75K-100K,Business,357
272,Ananya Sharma,Female,26-35,29,10/11/1990,General,Hindu,MORTGAGE,<25K,Self-Employed,712
273,Aditya Mehta,Female,26-35,32,1/1/1986,ST,Sikh,RENT,75K-100K,Salaried,666
274,Laksh Malhotra,Female,46-55,51,1/1/1968,General,Muslim,MORTGAGE,75K-100K,Self-Employed,804
275,Nisha Reddy,Female,36-45,38,5/11/1980,General,Muslim,RENT,50K-75K,Self-Employed,755
276,Laksh Patel,Female,26-35,28,1/1/1991,SC,Hindu,MORTGAGE,75K-100K,Business,844
277,Meera Joshi,Female,36-45,42,1/1/1977,ST,Sikh,RENT,25K-50K,Salaried,534
278,Laksh Sharma,Female,26-35,31,1/1/1988,SC,Hindu,RENT,100K+,Self-Employed,672
279,Aditya Joshi,Female,46-55,54,1/1/1963,OBC,Hindu,RENT,50K-75K,Business,357
280,Laksh Reddy,Female,26-35,34,1/1/1985,OBC,Hindu,RENT,<25K,Salaried,707
281,Aditya Mehta,Female,46-55,46,1/1/1974,Minority,Muslim,RENT,<25K,Business,708
282,Aditya Joshi,Female,26-35,35,1/1/1984,General,Hindu,RENT,<25K,Business,624
283,Ishaan Reddy,Female,26-35,33,8/2/1986,General,Muslim,RENT,<25K,Self-Employed,336
284,Meera Verma,Female,26-35,34,1/1/1984,ST,Sikh,RENT,100K+,Self-Employed,464
285,Aditya Mehta,Female,26-35,32,1/1/1986,ST,Sikh,RENT,75K-100K,Salaried,666
286,Kavya Verma,Female,36-45,37,1/1/1980,General,Hindu,RENT,<25K,Self-Employed,479
287,Kavya Reddy,Female,56-63,59,1/1/1960,General,Muslim,RENT,50K-75K,Salaried,775
288,Meera Patel,Female,26-35,28,29-03-1991,ST,Sikh,RENT,25K-50K,Salaried,432
289,Diya Sharma,Female,26-35,34,1/1/1984,ST,Sikh,MORTGAGE,100K+,Self-Employed,341
290,Kavya Chopra,Female,36-45,43,10/3/1975,General,Muslim,OWN,100K+,Business,300
291,Nisha Joshi,Female,46-55,48,4/9/1971,General,Hindu,MORTGAGE,50K-75K,Business,657
292,Kavya Chopra,Female,36-45,43,10/3/1975,General,Muslim,OWN,100K+,Business,300
293,Laksh Reddy,Female,26-35,31,11/1/1988,SC,Hindu,RENT,25K-50K,Salaried,315
294,Kavya Chopra,Female,18-25,23,1/1/1994,General,Hindu,RENT,75K-100K,Business,588
295,Vivaan Joshi,Female,26-35,29,1/1/1990,Minority,Hindu,MORTGAGE,75K-100K,Business,395
296,Diya Mehta,Female,36-45,38,1/1/1981,ST,Sikh,MORTGAGE,25K-50K,Business,308
297,Meera Verma,Female,46-55,47,1/1/1970,SC,Hindu,RENT,75K-100K,Business,546
298,Ananya Nair,Female,36-45,44,1/1/1975,ST,Sikh,RENT,50K-75K,Self-Employed,638
299,Meera Verma,Female,46-55,47,1/1/1970,SC,Hindu,RENT,75K-100K,Business,546
300,Vivaan Patel,Female,26-35,29,1/1/1988,OBC,Hindu,RENT,100K+,Salaried,395
301,Aditya Reddy,Female,26-35,29,1/1/1989,General,Muslim,RENT,50K-75K,Business,647
302,Meera Joshi,Female,26-35,31,24-05-1988,ST,Sikh,OWN,<25K,Business,532
303,Ananya Reddy,Female,18-25,,,General,Muslim,MORTGAGE,<25K,Self-Employed,660
304,Ishaan Mehta,Female,26-35,31,1/1/1988,ST,Sikh,RENT,50K-75K,Business,696
305,Aditya Mehta,Female,26-35,32,1/1/1986,ST,Sikh,RENT,75K-100K,Salaried,666
306,Vivaan Gupta,Female,36-45,38,1/1/1979,General,Hindu,MORTGAGE,75K-100K,Business,517
307,Aditya Nair,Female,26-35,28,8/8/1991,ST,Sikh,MORTGAGE,100K+,Self-Employed,816
308,Vivaan Joshi,Female,26-35,33,15-06-1986,SC,Sikh,MORTGAGE,75K-100K,Self-Employed,847
309,Ananya Reddy,Female,36-45,39,18-05-1978,SC,Hindu,RENT,25K-50K,Self-Employed,571
310,Kavya Gupta,Female,26-35,35,1/1/1984,ST,Sikh,RENT,50K-75K,Business,721
311,Diya Reddy,Female,36-45,40,28-12-1979,ST,Sikh,RENT,<25K,Self-Employed,810
312,Vivaan Chopra,Female,46-55,49,1/1/1969,General,Muslim,RENT,<25K,Salaried,357
313,Vivaan Mehta,Female,18-25,24,1/3/1994,ST,Sikh,RENT,75K-100K,Business,431
314,Nisha Verma,Female,26-35,26,1/1/1993,OBC,Hindu,RENT,100K+,Self-Employed,824
315,Aarav Reddy,Female,46-55,55,1/1/1963,General,Muslim,MORTGAGE,<25K,Self-Employed,750
316,Ishaan Malhotra,Female,18-25,22,1/1/1997,OBC,Hindu,RENT,75K-100K,Salaried,679
317,Vivaan Joshi,Female,26-35,33,15-06-1986,SC,Sikh,MORTGAGE,75K-100K,Self-Employed,847
318,Laksh Sharma,Female,26-35,31,1/1/1988,SC,Hindu,RENT,100K+,Self-Employed,672
319,Kavya Malhotra,Female,36-45,36,1/1/1983,ST,Sikh,RENT,<25K,Salaried,514
320,Kavya Malhotra,Female,26-35,33,30-05-1985,General,Hindu,RENT,100K+,Self-Employed,716
321,Kavya Chopra,Female,18-25,23,1/1/1994,General,Hindu,RENT,75K-100K,Business,588
322,Meera Gupta,Female,26-35,29,1/1/1989,ST,Sikh,RENT,75K-100K,Self-Employed,369
323,Nisha Patel,Female,36-45,41,1/1/1976,General,Hindu,RENT,100K+,Salaried,399
324,Meera Gupta,Female,46-55,55,1/1/1962,ST,Christian,RENT,100K+,Business,773
325,Meera Reddy,Female,36-45,45,1/3/1974,General,Muslim,MORTGAGE,<25K,Self-Employed,830
326,Ananya Nair,Female,36-45,44,1/1/1975,ST,Sikh,RENT,50K-75K,Self-Employed,638
327,Meera Chopra,Female,36-45,37,1/1/1983,ST,Sikh,RENT,75K-100K,Salaried,373
328,Nisha Joshi,Female,26-35,35,1/1/1984,ST,Sikh,RENT,<25K,Business,697
329,Meera Mehta,Female,36-45,45,1/1/1974,Minority,Muslim,RENT,75K-100K,Business,357
330,Vivaan Gupta,Female,36-45,38,1/1/1979,General,Hindu,MORTGAGE,75K-100K,Business,517
331,Nisha Patel,Female,36-45,43,1/1/1976,OBC,Hindu,RENT,75K-100K,Self-Employed,798
332,Kavya Patel,Female,36-45,38,1/1/1980,ST,Sikh,MORTGAGE,25K-50K,Business,683
333,Diya Reddy,Female,36-45,36,1/1/1983,SC,Hindu,MORTGAGE,25K-50K,Business,796
334,Nisha Mehta,Female,36-45,38,1/11/1981,SC,Muslim,RENT,25K-50K,Self-Employed,774
335,Nisha Patel,Female,36-45,41,1/1/1976,General,Hindu,RENT,100K+,Salaried,399
336,Laksh Mehta,Female,36-45,44,1/1/1975,General,Muslim,MORTGAGE,<25K,Business,686
337,Meera Chopra,Female,36-45,36,1/1/1981,OBC,Christian,RENT,75K-100K,Self-Employed,419
338,Laksh Reddy,Female,36-45,36,10/6/1981,OBC,Hindu,OWN,50K-75K,Business,787
339,Ananya Patel,Female,36-45,43,1/3/1975,Minority,Muslim,RENT,75K-100K,Salaried,558
340,Kavya Gupta,Female,36-45,43,1/1/1976,Minority,Muslim,RENT,<25K,Self-Employed,528
341,Ishaan Malhotra,Female,18-25,22,1/1/1997,OBC,Hindu,RENT,75K-100K,Salaried,679
342,Diya Patel,Female,18-25,,,ST,Sikh,MORTGAGE,<25K,Salaried,476
343,Aarav Joshi,Female,36-45,38,1/1/1981,ST,Sikh,RENT,50K-75K,Salaried,744
344,Nisha Reddy,Female,36-45,38,1/1/1981,ST,Sikh,RENT,50K-75K,Self-Employed,552
345,Diya Verma,Female,26-35,35,1/1/1984,ST,Sikh,MORTGAGE,25K-50K,Self-Employed,744
346,Nisha Joshi,Female,46-55,48,4/9/1971,General,Hindu,MORTGAGE,50K-75K,Business,657
347,Laksh Gupta,Female,46-55,52,1/1/1968,SC,Hindu,RENT,75K-100K,Salaried,584
348,Laksh Sharma,Female,56-63,56,1/1/1962,Minority,Muslim,MORTGAGE,75K-100K,Business,532
349,Kavya Reddy,Female,18-25,23,2/2/1994,General,Hindu,RENT,25K-50K,Business,503
350,Nisha Malhotra,Female,36-45,36,1/1/1983,SC,Hindu,MORTGAGE,100K+,Self-Employed,489
351,Ananya Reddy,Female,26-35,29,1/1/1989,ST,Sikh,RENT,100K+,Salaried,324
352,Ishaan Mehta,Female,18-25,23,1/1/1994,OBC,Hindu,RENT,100K+,Business,416
353,Meera Chopra,Female,46-55,50,1/1/1968,SC,Hindu,RENT,75K-100K,Salaried,726
354,Nisha Malhotra,Female,36-45,36,1/1/1983,SC,Hindu,MORTGAGE,100K+,Self-Employed,489
355,Ishaan Patel,Female,36-45,39,1/1/1980,Minority,Muslim,RENT,75K-100K,Self-Employed,472
356,Diya Patel,Female,36-45,44,8/9/1975,General,Hindu,MORTGAGE,25K-50K,Salaried,601
357,Nisha Patel,Female,36-45,41,1/1/1976,General,Hindu,RENT,100K+,Salaried,399
358,Meera Sharma,Female,18-25,22,14-12-1995,General,Hindu,RENT,<25K,Salaried,346
359,Vivaan Verma,Female,46-55,52,1/1/1967,ST,Sikh,RENT,100K+,Salaried,626
360,Meera Nair,Female,46-55,49,1/1/1969,ST,Sikh,OWN,50K-75K,Salaried,408
361,Ananya Nair,Female,36-45,39,1/1/1981,ST,Sikh,RENT,75K-100K,Business,795
362,Ishaan Mehta,Female,36-45,39,1/1/1978,OBC,Hindu,OWN,50K-75K,Self-Employed,812
363,Diya Reddy,Female,36-45,40,28-12-1979,ST,Sikh,RENT,<25K,Self-Employed,810
364,Meera Nair,Female,46-55,50,1/1/1970,ST,Sikh,RENT,25K-50K,Business,664
365,Ananya Reddy,Female,26-35,29,1/1/1989,ST,Sikh,RENT,100K+,Salaried,324
366,Meera Nair,Female,46-55,49,1/1/1969,ST,Sikh,OWN,50K-75K,Salaried,408
367,Ishaan Malhotra,Female,18-25,22,1/1/1997,OBC,Hindu,RENT,75K-100K,Salaried,679
368,Nisha Chopra,Female,26-35,28,1/1/1989,General,Hindu,RENT,<25K,Self-Employed,553
369,Laksh Nair,Female,36-45,38,1/1/1980,Minority,Muslim,RENT,<25K,Self-Employed,578
370,Vivaan Patel,Female,46-55,55,1/1/1964,General,Muslim,MORTGAGE,25K-50K,Self-Employed,489
371,Aditya Mehta,Female,36-45,38,1/1/1980,SC,Hindu,OWN,25K-50K,Business,696
372,Ananya Mehta,Female,26-35,30,1/1/1988,ST,Sikh,RENT,75K-100K,Business,783
373,Meera Gupta,Female,26-35,29,1/1/1989,ST,Sikh,RENT,75K-100K,Self-Employed,369
374,Ishaan Reddy,Female,26-35,33,8/2/1986,General,Muslim,RENT,<25K,Self-Employed,336
375,Diya Chopra,Female,26-35,35,20-03-1984,SC,Hindu,RENT,75K-100K,Self-Employed,567
376,Ananya Verma,Female,46-55,51,1/6/1967,OBC,Hindu,MORTGAGE,25K-50K,Self-Employed,770
377,Ananya Nair,Female,36-45,44,1/1/1975,ST,Sikh,RENT,50K-75K,Self-Employed,638
378,Meera Nair,Female,36-45,38,1/1/1980,ST,Sikh,OWN,75K-100K,Self-Employed,368
379,Nisha Joshi,Female,26-35,35,1/1/1984,ST,Sikh,RENT,<25K,Business,697
380,Meera Joshi,Female,46-55,53,1/1/1966,ST,Sikh,RENT,<25K,Salaried,529
381,Aditya Verma,Female,36-45,40,29-01-1979,Minority,Muslim,RENT,50K-75K,Salaried,714
382,Aarav Malhotra,Female,46-55,47,1/1/1972,Minority,Muslim,RENT,<25K,Salaried,526
383,Ishaan Mehta,Female,36-45,39,1/1/1978,OBC,Hindu,OWN,50K-75K,Self-Employed,812
384,Laksh Mehta,Female,36-45,40,1/1/1979,ST,Sikh,RENT,50K-75K,Self-Employed,318
385,Vivaan Nair,Female,46-55,49,3/1/1970,General,Muslim,RENT,100K+,Salaried,519
386,Nisha Verma,Female,18-25,22,10/10/1996,ST,Sikh,MORTGAGE,100K+,Salaried,564
387,Laksh Chopra,Female,46-55,55,22-04-1964,Minority,Muslim,RENT,100K+,Self-Employed,502
388,Aditya Reddy,Female,36-45,38,1/1/1982,OBC,Hindu,MORTGAGE,25K-50K,Salaried,635
389,Laksh Patel,Female,26-35,28,1/1/1991,SC,Hindu,MORTGAGE,75K-100K,Business,844
390,Meera Sharma,Female,36-45,43,1/1/1976,Minority,Muslim,RENT,100K+,Self-Employed,672
391,Kavya Patel,Female,36-45,36,1/1/1983,ST,Sikh,RENT,100K+,Business,692
392,Meera Malhotra,Female,36-45,44,1/1/1975,Minority,Muslim,RENT,25K-50K,Salaried,448
393,Nisha Patel,Female,36-45,41,1/1/1976,General,Hindu,RENT,100K+,Salaried,399
394,Aditya Patel,Female,26-35,27,11/4/1992,ST,Sikh,MORTGAGE,75K-100K,Salaried,600
395,Meera Chopra,Female,46-55,53,5/7/1966,ST,Sikh,RENT,75K-100K,Business,551
396,Nisha Malhotra,Female,36-45,36,1/1/1983,SC,Hindu,MORTGAGE,100K+,Self-Employed,489
397,Meera Nair,Female,46-55,50,1/1/1970,ST,Sikh,RENT,25K-50K,Business,664
398,Laksh Sharma,Female,26-35,29,1/1/1989,ST,Sikh,MORTGAGE,<25K,Self-Employed,695
399,Laksh Mehta,Female,36-45,44,28-07-1975,General,Muslim,RENT,50K-75K,Salaried,425
400,Ananya Verma,Female,46-55,51,1/6/1967,OBC,Hindu,MORTGAGE,25K-50K,Self-Employed,770
401,Laksh Patel,Female,46-55,46,1/1/1973,General,Hindu,RENT,50K-75K,Business,467
402,Meera Sharma,Female,36-45,43,1/1/1976,Minority,Muslim,RENT,100K+,Self-Employed,672
403,Aarav Reddy,Female,46-55,55,1/1/1963,General,Muslim,MORTGAGE,<25K,Self-Employed,750
404,Vivaan Joshi,Female,26-35,29,1/1/1990,Minority,Hindu,MORTGAGE,75K-100K,Business,395
405,Kavya Gupta,Female,36-45,43,1/1/1976,Minority,Muslim,RENT,<25K,Self-Employed,528
406,Ananya Reddy,Female,18-25,,,General,Muslim,MORTGAGE,<25K,Self-Employed,660
407,Ishaan Mehta,Female,18-25,23,1/1/1994,OBC,Hindu,RENT,100K+,Business,416
408,Kavya Malhotra,Female,36-45,36,1/1/1983,ST,Sikh,RENT,<25K,Salaried,514
409,Kavya Sharma,Female,26-35,26,1/1/1993,SC,Hindu,RENT,75K-100K,Business,398
410,Ishaan Nair,Female,36-45,41,1/1/1977,ST,Sikh,MORTGAGE,<25K,Salaried,338
411,Aarav Patel,Female,26-35,31,1/1/1988,ST,Sikh,MORTGAGE,50K-75K,Business,462
412,Meera Joshi,Female,36-45,42,1/1/1977,ST,Sikh,RENT,25K-50K,Salaried,534
413,Meera Reddy,Female,36-45,45,1/3/1974,General,Muslim,MORTGAGE,<25K,Self-Employed,830
414,Meera Joshi,Female,46-55,53,1/1/1966,ST,Sikh,RENT,<25K,Salaried,529
415,Meera Joshi,Female,36-45,42,1/1/1977,ST,Sikh,RENT,25K-50K,Salaried,534
416,Laksh Gupta,Female,46-55,52,1/1/1968,SC,Hindu,RENT,75K-100K,Salaried,584
417,Nisha Joshi,Female,26-35,35,1/1/1984,ST,Sikh,RENT,<25K,Business,697
418,Ananya Verma,Female,46-55,51,1/6/1967,OBC,Hindu,MORTGAGE,25K-50K,Self-Employed,770
419,Diya Patel,Female,18-25,,,ST,Sikh,MORTGAGE,<25K,Salaried,476
420,Vivaan Reddy,Female,36-45,37,1/1/1980,OBC,Hindu,RENT,25K-50K,Salaried,426
421,Diya Sharma,Female,26-35,34,1/1/1984,ST,Sikh,MORTGAGE,100K+,Self-Employed,341
422,Laksh Chopra,Female,46-55,55,22-04-1964,Minority,Muslim,RENT,100K+,Self-Employed,502
423,Meera Patel,Female,26-35,28,29-03-1991,ST,Sikh,RENT,25K-50K,Salaried,432
424,Vivaan Gupta,Female,36-45,38,1/1/1979,General,Hindu,MORTGAGE,75K-100K,Business,517
425,Laksh Patel,Female,26-35,28,1/1/1991,SC,Hindu,MORTGAGE,75K-100K,Business,844
426,Aarav Malhotra,Female,46-55,53,1/1/1966,Minority,Muslim,RENT,25K-50K,Business,812
427,Ishaan Sharma,Female,46-55,46,1/1/1973,ST,Sikh,MORTGAGE,100K+,Business,522
428,Laksh Sharma,Female,26-35,31,1/1/1988,SC,Hindu,RENT,100K+,Self-Employed,672
429,Ishaan Gupta,Female,26-35,28,1/1/1989,SC,Hindu,RENT,100K+,Business,536
430,Ananya Mehta,Female,26-35,30,1/1/1988,ST,Sikh,RENT,75K-100K,Business,783
431,Nisha Joshi,Female,26-35,33,1/1/1984,General,Hindu,MORTGAGE,50K-75K,Self-Employed,731
432,Ananya Gupta,Female,46-55,48,1/1/1972,Minority,Muslim,RENT,25K-50K,Business,701
433,Vivaan Reddy,Female,36-45,37,1/1/1980,OBC,Hindu,RENT,25K-50K,Salaried,426
434,Ananya Verma,Female,46-55,51,1/6/1967,OBC,Hindu,MORTGAGE,25K-50K,Self-Employed,770
435,Nisha Chopra,Female,46-55,52,1/1/1965,General,Hindu,RENT,100K+,Salaried,322
436,Aditya Verma,Female,46-55,49,3/7/1970,ST,Sikh,RENT,50K-75K,Self-Employed,695
437,Aarav Sharma,Female,26-35,30,18-02-1987,SC,Hindu,RENT,<25K,Business,368
438,Laksh Mehta,Female,36-45,44,28-07-1975,General,Muslim,RENT,50K-75K,Salaried,425
439,Vivaan Gupta,Female,36-45,38,1/1/1979,General,Hindu,MORTGAGE,75K-100K,Business,517
440,Kavya Chopra,Female,18-25,23,1/1/1994,General,Hindu,RENT,75K-100K,Business,588
441,Diya Sharma,Female,26-35,34,1/1/1984,ST,Sikh,MORTGAGE,100K+,Self-Employed,341
442,Aditya Verma,Female,36-45,40,29-01-1979,Minority,Muslim,RENT,50K-75K,Salaried,714
443,Nisha Chopra,Female,46-55,52,1/1/1965,General,Hindu,RENT,100K+,Salaried,322
444,Aditya Patel,Female,26-35,27,11/4/1992,ST,Sikh,MORTGAGE,75K-100K,Salaried,600
445,Nisha Verma,Female,18-25,22,10/10/1996,ST,Sikh,MORTGAGE,100K+,Salaried,564
446,Ananya Malhotra,Female,36-45,44,1/1/1975,SC,Hindu,MORTGAGE,<25K,Self-Employed,361
447,Aditya Verma,Female,36-45,40,29-01-1979,Minority,Muslim,RENT,50K-75K,Salaried,714
448,Kavya Verma,Female,36-45,39,1/1/1980,ST,Sikh,RENT,100K+,Business,791
449,Vivaan Patel,Female,46-55,51,1/1/1966,SC,Hindu,MORTGAGE,100K+,Business,375
450,Laksh Sharma,Female,36-45,37,1/1/1982,Minority,Muslim,RENT,<25K,Self-Employed,740
451,Kavya Mehta,Female,36-45,45,14-03-1973,General,Muslim,OWN,50K-75K,Business,490
452,Meera Malhotra,Female,46-55,50,1/1/1970,Minority,Muslim,RENT,<25K,Salaried,416
453,Meera Nair,Female,46-55,49,1/1/1969,ST,Sikh,OWN,50K-75K,Salaried,408
454,Diya Joshi,Female,36-45,43,1/1/1974,SC,Christian,RENT,50K-75K,Self-Employed,645
455,Aditya Mehta,Female,46-55,46,1/1/1974,Minority,Muslim,RENT,<25K,Business,708
456,Kavya Malhotra,Female,36-45,41,1/1/1978,OBC,Hindu,RENT,25K-50K,Salaried,495
457,Laksh Patel,Female,36-45,44,25-05-1974,ST,Hindu,RENT,<25K,Self-Employed,342
458,Aditya Verma,Female,36-45,40,29-01-1979,Minority,Muslim,RENT,50K-75K,Salaried,714
459,Nisha Verma,Female,26-35,35,1/1/1984,SC,Hindu,RENT,75K-100K,Salaried,792
460,Meera Mehta,Female,46-55,49,5/10/1970,Minority,Muslim,MORTGAGE,<25K,Salaried,825
461,Aditya Verma,Female,46-55,49,3/7/1970,ST,Sikh,RENT,50K-75K,Self-Employed,695
462,Meera Sharma,Female,18-25,22,14-12-1995,General,Hindu,RENT,<25K,Salaried,346
463,Nisha Mehta,Female,36-45,38,1/11/1981,SC,Muslim,RENT,25K-50K,Self-Employed,774
464,Vivaan Nair,Female,46-55,49,3/1/1970,General,Muslim,RENT,100K+,Salaried,519
465,Meera Joshi,Female,36-45,42,1/1/1977,ST,Sikh,RENT,25K-50K,Salaried,534
466,Laksh Patel,Female,46-55,46,1/1/1973,General,Hindu,RENT,50K-75K,Business,467
467,Nisha Verma,Female,18-25,24,1/1/1994,ST,Sikh,RENT,<25K,Salaried,443
468,Laksh Mehta,Female,36-45,44,28-07-1975,General,Muslim,RENT,50K-75K,Salaried,425
469,Ananya Malhotra,Female,46-55,54,1/1/1965,Minority,Muslim,RENT,25K-50K,Self-Employed,433
470,Nisha Nair,Female,26-35,28,8/11/1991,ST,Sikh,MORTGAGE,25K-50K,Self-Employed,641
471,Meera Gupta,Female,46-55,52,1/1/1967,ST,Sikh,RENT,<25K,Business,805
472,Laksh Reddy,Female,26-35,31,11/1/1988,SC,Hindu,RENT,25K-50K,Salaried,315
473,Nisha Chopra,Female,26-35,28,1/1/1989,General,Hindu,RENT,<25K,Self-Employed,553
474,Ananya Sharma,Female,46-55,52,1/1/1967,Minority,Muslim,RENT,<25K,Business,557
475,Aarav Patel,Female,26-35,31,1/1/1988,ST,Sikh,MORTGAGE,50K-75K,Business,462
476,Nisha Reddy,Female,36-45,44,1/1/1975,OBC,Hindu,MORTGAGE,75K-100K,Business,815
477,Nisha Verma,Female,26-35,35,1/1/1984,SC,Hindu,RENT,75K-100K,Salaried,792
478,Laksh Gupta,Female,36-45,36,8/9/1983,General,Muslim,OWN,<25K,Business,807
479,Kavya Mehta,Female,18-25,23,12/12/1996,ST,Sikh,MORTGAGE,50K-75K,Salaried,443
480,Diya Joshi,Female,26-35,34,1/1/1984,OBC,Hindu,RENT,25K-50K,Salaried,756
481,Vivaan Joshi,Female,26-35,29,1/1/1990,Minority,Hindu,MORTGAGE,75K-100K,Business,395
482,Aditya Verma,Female,46-55,49,3/7/1970,ST,Sikh,RENT,50K-75K,Self-Employed,695
483,Laksh Gupta,Female,46-55,52,1/1/1968,SC,Hindu,RENT,75K-100K,Salaried,584
484,Laksh Mehta,Female,36-45,44,1/1/1975,General,Muslim,MORTGAGE,<25K,Business,686
485,Laksh Gupta,Female,36-45,36,8/9/1983,General,Muslim,OWN,<25K,Business,807
486,Aditya Malhotra,Female,46-55,51,1/1/1968,OBC,Hindu,RENT,25K-50K,Self-Employed,389
487,Kavya Gupta,Female,26-35,35,1/1/1984,ST,Sikh,RENT,50K-75K,Business,721
488,Aditya Joshi,Female,26-35,35,1/1/1984,General,Hindu,RENT,<25K,Business,624
489,Vivaan Reddy,Female,36-45,37,1/1/1980,OBC,Hindu,RENT,25K-50K,Salaried,426
490,Diya Reddy,Female,36-45,40,28-12-1979,ST,Sikh,RENT,<25K,Self-Employed,810
491,Nisha Reddy,Female,36-45,38,1/1/1981,ST,Sikh,RENT,50K-75K,Self-Employed,552
492,Vivaan Patel,Female,46-55,55,1/1/1964,General,Muslim,MORTGAGE,25K-50K,Self-Employed,489
493,Vivaan Mehta,Female,26-35,28,1/1/1990,ST,Sikh,RENT,50K-75K,Salaried,375
494,Ananya Malhotra,Female,46-55,54,1/1/1965,Minority,Muslim,RENT,25K-50K,Self-Employed,433
495,Laksh Mehta,Female,36-45,44,1/1/1975,General,Muslim,MORTGAGE,<25K,Business,686
496,Kavya Verma,Female,36-45,37,1/1/1980,General,Hindu,RENT,<25K,Self-Employed,479
497,Vivaan Gupta,Female,46-55,46,1/1/1973,ST,Sikh,OWN,75K-100K,Business,481
498,Meera Patel,Female,26-35,28,4/12/1989,SC,Hindu,RENT,25K-50K,Business,385
499,Meera Chopra,Female,46-55,53,5/7/1966,ST,Sikh,RENT,75K-100K,Business,551
500,Aditya Mehta,Female,36-45,38,1/1/1980,SC,Hindu,OWN,25K-50K,Business,696
501,Vivaan Gupta,Female,46-55,46,1/1/1973,ST,Sikh,OWN,75K-100K,Business,481
502,Aditya Malhotra,Female,46-55,51,1/1/1968,OBC,Hindu,RENT,25K-50K,Self-Employed,389
503,Kavya Reddy,Female,46-55,49,8/6/1970,Minority,Muslim,RENT,<25K,Salaried,442
504,Aarav Gupta,Female,26-35,27,12/3/1992,SC,Hindu,OWN,100K+,Salaried,693
505,Kavya Reddy,Female,46-55,49,8/6/1970,Minority,Muslim,RENT,<25K,Salaried,442
506,Aarav Malhotra,Female,46-55,53,1/1/1966,Minority,Muslim,RENT,25K-50K,Business,812
507,Aditya Malhotra,Female,46-55,51,1/1/1968,OBC,Hindu,RENT,25K-50K,Self-Employed,389
508,Aditya Verma,Female,46-55,49,3/7/1970,ST,Sikh,RENT,50K-75K,Self-Employed,695
509,Vivaan Gupta,Female,56-63,57,11/8/1962,General,Muslim,RENT,75K-100K,Business,472
510,Diya Sharma,Female,26-35,34,1/1/1984,ST,Sikh,MORTGAGE,100K+,Self-Employed,341
511,Laksh Sharma,Female,46-55,46,1/1/1973,Minority,Muslim,RENT,<25K,Self-Employed,512
512,Laksh Chopra,Female,46-55,55,22-04-1964,Minority,Muslim,RENT,100K+,Self-Employed,502
513,Kavya Reddy,Female,56-63,59,1/1/1960,General,Muslim,RENT,50K-75K,Salaried,775
514,Ananya Reddy,Female,26-35,29,1/1/1989,ST,Sikh,RENT,100K+,Salaried,324
515,Diya Nair,Female,18-25,25,1/1/1992,General,Hindu,RENT,50K-75K,Self-Employed,752
516,Kavya Sharma,Female,26-35,26,1/1/1993,SC,Hindu,RENT,75K-100K,Business,398
517,Kavya Sharma,Female,26-35,26,1/1/1993,SC,Hindu,RENT,75K-100K,Business,398
518,Vivaan Verma,Female,26-35,34,29-09-1985,ST,Sikh,MORTGAGE,100K+,Self-Employed,469
519,Ananya Patel,Female,36-45,43,1/3/1975,Minority,Muslim,RENT,75K-100K,Salaried,558
520,Kavya Sharma,Female,26-35,26,1/1/1993,SC,Hindu,RENT,75K-100K,Business,398
521,Aarav Malhotra,Female,46-55,47,1/1/1972,Minority,Muslim,RENT,<25K,Salaried,526
522,Kavya Verma,Female,36-45,37,1/1/1980,General,Hindu,RENT,<25K,Self-Employed,479
523,Meera Patel,Female,26-35,28,29-03-1991,ST,Sikh,RENT,25K-50K,Salaried,432
524,Meera Sharma,Female,18-25,22,14-12-1995,General,Hindu,RENT,<25K,Salaried,346
525,Kavya Gupta,Female,26-35,35,1/1/1984,ST,Sikh,RENT,50K-75K,Business,721
526,Kavya Malhotra,Female,26-35,34,1/1/1985,ST,Sikh,MORTGAGE,75K-100K,Business,328
527,Ananya Gupta,Female,36-45,44,1/1/1973,SC,Hindu,RENT,25K-50K,Business,746
528,Vivaan Patel,Female,26-35,29,1/1/1988,OBC,Hindu,RENT,100K+,Salaried,395
529,Ananya Sharma,Female,46-55,52,1/1/1967,Minority,Muslim,RENT,<25K,Business,557
530,Kavya Mehta,Female,36-45,45,14-03-1973,General,Muslim,OWN,50K-75K,Business,490
531,Ananya Nair,Female,36-45,39,1/1/1981,ST,Sikh,RENT,75K-100K,Business,795
532,Diya Verma,Female,26-35,35,1/1/1984,ST,Sikh,MORTGAGE,25K-50K,Self-Employed,744
533,Vivaan Verma,Female,46-55,52,1/1/1967,ST,Sikh,RENT,100K+,Salaried,626
534,Nisha Reddy,Female,36-45,38,5/11/1980,General,Muslim,RENT,50K-75K,Self-Employed,755
535,Nisha Joshi,Female,46-55,48,4/9/1971,General,Hindu,MORTGAGE,50K-75K,Business,657
536,Meera Nair,Female,36-45,38,1/1/1980,ST,Sikh,OWN,75K-100K,Self-Employed,368
537,Kavya Mehta,Female,36-45,37,12/1/1982,ST,Hindu,MORTGAGE,75K-100K,Business,414
538,Aarav Sharma,Female,26-35,30,18-02-1987,SC,Hindu,RENT,<25K,Business,368
539,Meera Sharma,Female,36-45,43,1/1/1976,Minority,Muslim,RENT,100K+,Self-Employed,672
540,Laksh Reddy,Female,26-35,31,11/1/1988,SC,Hindu,RENT,25K-50K,Salaried,315
541,Ishaan Sharma,Female,26-35,26,1/1/1991,General,Hindu,RENT,25K-50K,Salaried,522
542,Aditya Verma,Female,36-45,40,29-01-1979,Minority,Muslim,RENT,50K-75K,Salaried,714
543,Laksh Mehta,Female,36-45,44,1/1/1975,General,Muslim,MORTGAGE,<25K,Business,686
544,Ananya Sharma,Female,46-55,52,1/1/1967,Minority,Muslim,RENT,<25K,Business,557
545,Ananya Mehta,Female,26-35,30,1/1/1988,ST,Sikh,RENT,75K-100K,Business,783
546,Kavya Gupta,Female,36-45,39,1/1/1978,OBC,Hindu,RENT,50K-75K,Salaried,692
547,Ishaan Malhotra,Female,18-25,22,1/1/1997,OBC,Hindu,RENT,75K-100K,Salaried,679
548,Nisha Reddy,Female,36-45,42,1/1/1977,SC,Hindu,RENT,100K+,Self-Employed,668
549,Aarav Patel,Female,26-35,31,1/1/1988,ST,Sikh,MORTGAGE,50K-75K,Business,462
550,Laksh Patel,Female,46-55,46,1/1/1973,General,Hindu,RENT,50K-75K,Business,467
551,Nisha Chopra,Female,46-55,49,10/11/1970,SC,Hindu,RENT,75K-100K,Business,641
552,Aarav Joshi,Female,18-25,22,27-10-1997,General,Hindu,RENT,<25K,Salaried,516
553,Kavya Mehta,Female,46-55,52,1/1/1967,General,Muslim,RENT,<25K,Business,390
554,Ananya Reddy,Female,18-25,22,1/1/1995,General,Hindu,MORTGAGE,75K-100K,Business,640
555,Aditya Malhotra,Female,46-55,51,1/1/1968,OBC,Hindu,RENT,25K-50K,Self-Employed,389
556,Meera Mehta,Female,46-55,49,5/10/1970,Minority,Muslim,MORTGAGE,<25K,Salaried,825
557,Diya Malhotra,Female,18-25,21,3/1/1998,ST,Sikh,RENT,50K-75K,Self-Employed,493
558,Aditya Mehta,Female,46-55,46,1/1/1974,Minority,Muslim,RENT,<25K,Business,708
559,Ishaan Joshi,Female,36-45,43,2/4/1976,General,Hindu,RENT,100K+,Salaried,675
560,Ananya Gupta,Female,36-45,38,1/1/1981,ST,Sikh,RENT,50K-75K,Salaried,450
561,Ananya Patel,Female,36-45,43,1/3/1975,Minority,Muslim,RENT,75K-100K,Salaried,558
562,Kavya Malhotra,Female,26-35,34,1/1/1985,ST,Sikh,MORTGAGE,75K-100K,Business,328
563,Ishaan Gupta,Female,26-35,28,1/1/1989,SC,Hindu,RENT,100K+,Business,536
564,Kavya Mehta,Female,46-55,52,1/1/1967,General,Muslim,RENT,<25K,Business,390
565,Vivaan Nair,Female,46-55,49,3/1/1970,General,Muslim,RENT,100K+,Salaried,519
566,Meera Chopra,Female,46-55,53,5/7/1966,ST,Sikh,RENT,75K-100K,Business,551
567,Laksh Patel,Female,36-45,44,25-05-1974,ST,Hindu,RENT,<25K,Self-Employed,342
568,Nisha Joshi,Female,46-55,48,4/9/1971,General,Hindu,MORTGAGE,50K-75K,Business,657
569,Diya Reddy,Female,36-45,36,1/1/1983,SC,Hindu,MORTGAGE,25K-50K,Business,796
570,Diya Patel,Female,36-45,44,8/9/1975,General,Hindu,MORTGAGE,25K-50K,Salaried,601
571,Nisha Malhotra,Female,36-45,36,1/1/1983,SC,Hindu,MORTGAGE,100K+,Self-Employed,489
572,Laksh Gupta,Female,46-55,52,1/1/1968,SC,Hindu,RENT,75K-100K,Salaried,584
573,Kavya Gupta,Female,36-45,43,1/1/1976,Minority,Muslim,RENT,<25K,Self-Employed,528
574,Nisha Chopra,Female,46-55,52,1/1/1965,General,Hindu,RENT,100K+,Salaried,322
575,Meera Sharma,Female,36-45,45,1/1/1972,OBC,Hindu,OWN,75K-100K,Business,417
576,Kavya Chopra,Female,18-25,23,1/1/1994,General,Hindu,RENT,75K-100K,Business,588
577,Nisha Reddy,Female,36-45,44,1/1/1975,OBC,Hindu,MORTGAGE,75K-100K,Business,815
578,Ishaan Patel,Female,36-45,39,1/1/1980,Minority,Muslim,RENT,75K-100K,Self-Employed,472
579,Nisha Joshi,Female,26-35,33,1/1/1984,General,Hindu,MORTGAGE,50K-75K,Self-Employed,731
580,Aditya Sharma,Female,26-35,32,1/1/1985,General,Hindu,RENT,50K-75K,Self-Employed,821
581,Vivaan Gupta,Female,56-63,57,11/8/1962,General,Muslim,RENT,75K-100K,Business,472
582,Kavya Gupta,Female,36-45,39,1/1/1978,OBC,Hindu,RENT,50K-75K,Salaried,692
583,Nisha Malhotra,Female,36-45,42,1/1/1977,SC,Hindu,RENT,25K-50K,Self-Employed,717
584,Ishaan Mehta,Female,18-25,23,1/1/1994,OBC,Hindu,RENT,100K+,Business,416
585,Nisha Patel,Female,18-25,21,1/1/1998,General,Hindu,RENT,25K-50K,Salaried,800
586,Aarav Joshi,Female,36-45,38,1/1/1981,ST,Sikh,RENT,50K-75K,Salaried,744
587,Kavya Reddy,Female,56-63,59,1/1/1960,General,Muslim,RENT,50K-75K,Salaried,775
588,Meera Reddy,Female,36-45,45,1/3/1974,General,Muslim,MORTGAGE,<25K,Self-Employed,830
589,Vivaan Mehta,Female,18-25,24,1/3/1994,ST,Sikh,RENT,75K-100K,Business,431
590,Diya Chopra,Female,26-35,35,20-03-1984,SC,Hindu,RENT,75K-100K,Self-Employed,567
591,Aarav Malhotra,Female,46-55,53,1/1/1966,Minority,Muslim,RENT,25K-50K,Business,812
592,Nisha Verma,Female,26-35,35,1/1/1984,SC,Hindu,RENT,75K-100K,Salaried,792
593,Vivaan Gupta,Female,56-63,57,11/8/1962,General,Muslim,RENT,75K-100K,Business,472
594,Meera Chopra,Female,36-45,37,1/1/1983,ST,Sikh,RENT,75K-100K,Salaried,373
595,Kavya Malhotra,Female,36-45,41,1/1/1978,OBC,Hindu,RENT,25K-50K,Salaried,495
596,Vivaan Patel,Female,46-55,51,1/1/1966,SC,Hindu,MORTGAGE,100K+,Business,375
597,Meera Mehta,Female,46-55,49,5/10/1970,Minority,Muslim,MORTGAGE,<25K,Salaried,825
598,Nisha Patel,Female,36-45,41,1/1/1976,General,Hindu,RENT,100K+,Salaried,399
599,Meera Joshi,Female,46-55,53,1/1/1966,ST,Sikh,RENT,<25K,Salaried,529
600,Laksh Reddy,Female,26-35,31,11/1/1988,SC,Hindu,RENT,25K-50K,Salaried,315
601,Ishaan Mehta,Female,18-25,23,1/1/1994,OBC,Hindu,RENT,100K+,Business,416
602,Vivaan Gupta,Female,46-55,50,1/1/1968,ST,Sikh,RENT,50K-75K,Self-Employed,768
603,Laksh Patel,Female,46-55,46,1/1/1973,General,Hindu,RENT,50K-75K,Business,467
604,Meera Sharma,Female,18-25,22,14-12-1995,General,Hindu,RENT,<25K,Salaried,346
605,Aarav Malhotra,Female,46-55,47,1/1/1972,Minority,Muslim,RENT,<25K,Salaried,526
606,Diya Reddy,Female,36-45,40,28-12-1979,ST,Sikh,RENT,<25K,Self-Employed,810
607,Meera Joshi,Female,46-55,53,1/1/1966,ST,Sikh,RENT,<25K,Salaried,529
608,Aditya Joshi,Female,46-55,54,1/1/1963,OBC,Hindu,RENT,50K-75K,Business,357
609,Kavya Reddy,Female,46-55,49,8/6/1970,Minority,Muslim,RENT,<25K,Salaried,442
610,Vivaan Gupta,Female,56-63,57,11/8/1962,General,Muslim,RENT,75K-100K,Business,472
611,Vivaan Nair,Female,46-55,49,3/1/1970,General,Muslim,RENT,100K+,Salaried,519
612,Meera Verma,Female,26-35,34,1/1/1984,ST,Sikh,RENT,100K+,Self-Employed,464
613,Nisha Patel,Female,36-45,41,1/1/1976,General,Hindu,RENT,100K+,Salaried,399
614,Meera Chopra,Female,36-45,37,1/1/1983,ST,Sikh,RENT,75K-100K,Salaried,373
615,Vivaan Patel,Female,46-55,55,1/1/1964,General,Muslim,MORTGAGE,25K-50K,Self-Employed,489
616,Nisha Joshi,Female,26-35,33,1/1/1984,General,Hindu,MORTGAGE,50K-75K,Self-Employed,731
617,Kavya Gupta,Female,36-45,39,1/1/1978,OBC,Hindu,RENT,50K-75K,Salaried,692
618,Laksh Sharma,Female,26-35,31,1/1/1988,SC,Hindu,RENT,100K+,Self-Employed,672
619,Nisha Reddy,Female,36-45,44,1/1/1975,OBC,Hindu,MORTGAGE,75K-100K,Business,815
620,Aditya Joshi,Female,26-35,35,1/1/1984,General,Hindu,RENT,<25K,Business,624
621,Kavya Patel,Female,36-45,38,1/1/1980,ST,Sikh,MORTGAGE,25K-50K,Business,683
622,Kavya Mehta,Female,36-45,37,12/1/1982,ST,Hindu,MORTGAGE,75K-100K,Business,414
623,Vivaan Verma,Female,46-55,52,1/1/1967,ST,Sikh,RENT,100K+,Salaried,626
624,Laksh Reddy,Female,26-35,29,1/1/1990,OBC,Hindu,RENT,75K-100K,Business,311
625,Kavya Patel,Female,36-45,36,1/1/1983,ST,Sikh,RENT,100K+,Business,692
626,Nisha Reddy,Female,36-45,44,1/1/1975,OBC,Hindu,MORTGAGE,75K-100K,Business,815
627,Ananya Reddy,Female,18-25,,,General,Muslim,MORTGAGE,<25K,Self-Employed,660
628,Meera Gupta,Female,46-55,47,1/6/1972,Minority,Muslim,MORTGAGE,25K-50K,Self-Employed,346
629,Nisha Chopra,Female,46-55,49,10/11/1970,SC,Hindu,RENT,75K-100K,Business,641
630,Meera Chopra,Female,46-55,53,5/7/1966,ST,Sikh,RENT,75K-100K,Business,551
631,Aarav Malhotra,Female,46-55,47,1/1/1972,Minority,Muslim,RENT,<25K,Salaried,526
632,Diya Sharma,Female,26-35,34,1/1/1984,ST,Sikh,MORTGAGE,100K+,Self-Employed,341
633,Kavya Verma,Female,36-45,37,1/1/1980,General,Hindu,RENT,<25K,Self-Employed,479
634,Kavya Chopra,Female,18-25,23,1/1/1994,General,Hindu,RENT,75K-100K,Business,588
635,Aarav Malhotra,Female,46-55,46,1/8/1973,Minority,Muslim,MORTGAGE,100K+,Salaried,604
636,Vivaan Patel,Female,46-55,51,1/1/1966,SC,Hindu,MORTGAGE,100K+,Business,375
637,Nisha Malhotra,Female,26-35,29,1/1/1991,ST,Sikh,MORTGAGE,100K+,Self-Employed,799
638,Vivaan Gupta,Female,56-63,57,11/8/1962,General,Muslim,RENT,75K-100K,Business,472
639,Diya Reddy,Female,36-45,36,1/1/1983,SC,Hindu,MORTGAGE,25K-50K,Business,796
640,Ishaan Sharma,Female,26-35,26,1/1/1991,General,Hindu,RENT,25K-50K,Salaried,522
641,Meera Patel,Female,26-35,28,29-03-1991,ST,Sikh,RENT,25K-50K,Salaried,432
642,Vivaan Nair,Female,46-55,49,3/1/1970,General,Muslim,RENT,100K+,Salaried,519
643,Ananya Sharma,Female,46-55,52,1/1/1967,Minority,Muslim,RENT,<25K,Business,557
644,Meera Chopra,Female,36-45,36,1/1/1981,OBC,Christian,RENT,75K-100K,Self-Employed,419
645,Laksh Sharma,Female,26-35,29,1/1/1989,ST,Sikh,MORTGAGE,<25K,Self-Employed,695
646,Kavya Verma,Female,36-45,37,1/1/1980,General,Hindu,RENT,<25K,Self-Employed,479
647,Ananya Reddy,Female,18-25,,,General,Muslim,MORTGAGE,<25K,Self-Employed,660
648,Diya Joshi,Female,26-35,34,1/1/1984,OBC,Hindu,RENT,25K-50K,Salaried,756
649,Kavya Malhotra,Female,36-45,36,1/1/1983,ST,Sikh,RENT,<25K,Salaried,514
650,Diya Patel,Female,36-45,44,8/9/1975,General,Hindu,MORTGAGE,25K-50K,Salaried,601
651,Aditya Mehta,Female,36-45,38,1/1/1980,SC,Hindu,OWN,25K-50K,Business,696
652,Vivaan Gupta,Female,46-55,46,1/1/1973,ST,Sikh,OWN,75K-100K,Business,481
653,Diya Chopra,Female,46-55,49,1/1/1970,General,Hindu,RENT,<25K,Business,572
654,Meera Patel,Female,26-35,28,4/12/1989,SC,Hindu,RENT,25K-50K,Business,385
655,Ananya Reddy,Female,26-35,29,1/1/1989,ST,Sikh,RENT,100K+,Salaried,324
656,Kavya Chopra,Female,36-45,43,10/3/1975,General,Muslim,OWN,100K+,Business,300
657,Meera Verma,Female,46-55,47,1/1/1970,SC,Hindu,RENT,75K-100K,Business,546
658,Nisha Malhotra,Female,36-45,36,1/1/1983,SC,Hindu,MORTGAGE,100K+,Self-Employed,489
659,Kavya Gupta,Female,36-45,39,1/1/1978,OBC,Hindu,RENT,50K-75K,Salaried,692
660,Aditya Sharma,Female,26-35,32,1/1/1985,General,Hindu,RENT,50K-75K,Self-Employed,821
661,Vivaan Malhotra,Female,46-55,53,1/1/1964,SC,Hindu,RENT,75K-100K,Business,488
662,Ananya Reddy,Female,36-45,39,18-05-1978,SC,Hindu,RENT,25K-50K,Self-Employed,571
663,Ananya Reddy,Female,18-25,,,General,Muslim,MORTGAGE,<25K,Self-Employed,660
664,Kavya Reddy,Female,26-35,35,1/1/1982,General,Hindu,RENT,50K-75K,Salaried,656
665,Diya Joshi,Female,36-45,43,1/1/1974,SC,Christian,RENT,50K-75K,Self-Employed,645
666,Nisha Verma,Female,18-25,22,10/10/1996,ST,Sikh,MORTGAGE,100K+,Salaried,564
667,Ananya Reddy,Female,26-35,29,1/1/1989,ST,Sikh,RENT,100K+,Salaried,324
668,Ananya Chopra,Female,36-45,45,1/1/1974,SC,Hindu,RENT,75K-100K,Salaried,311
669,Vivaan Verma,Female,46-55,52,1/1/1967,ST,Sikh,RENT,100K+,Salaried,626
670,Laksh Patel,Female,36-45,44,25-05-1974,ST,Hindu,RENT,<25K,Self-Employed,342
671,Ananya Mehta,Female,36-45,38,1/1/1980,ST,Sikh,RENT,25K-50K,Salaried,398
672,Laksh Mehta,Female,36-45,40,1/1/1979,ST,Sikh,RENT,50K-75K,Self-Employed,318
673,Kavya Malhotra,Female,36-45,36,1/1/1983,ST,Sikh,RENT,<25K,Salaried,514
674,Meera Chopra,Female,46-55,53,5/7/1966,ST,Sikh,RENT,75K-100K,Business,551
675,Laksh Reddy,Female,26-35,29,1/1/1990,OBC,Hindu,RENT,75K-100K,Business,311
676,Meera Gupta,Female,46-55,47,1/6/1972,Minority,Muslim,MORTGAGE,25K-50K,Self-Employed,346
677,Laksh Patel,Female,26-35,28,1/1/1991,SC,Hindu,MORTGAGE,75K-100K,Business,844
678,Vivaan Chopra,Female,46-55,49,1/1/1969,General,Muslim,RENT,<25K,Salaried,357
679,Aditya Reddy,Female,36-45,38,1/1/1982,ST,Sikh,RENT,75K-100K,Self-Employed,467
680,Diya Joshi,Female,26-35,34,1/1/1984,OBC,Hindu,RENT,25K-50K,Salaried,756
681,Kavya Malhotra,Female,26-35,34,1/1/1985,ST,Sikh,MORTGAGE,75K-100K,Business,328
682,Diya Patel,Female,18-25,,,ST,Sikh,MORTGAGE,<25K,Salaried,476
683,Ananya Reddy,Female,26-35,29,1/1/1989,ST,Sikh,RENT,100K+,Salaried,324
684,Meera Nair,Female,36-45,38,1/1/1980,ST,Sikh,OWN,75K-100K,Self-Employed,368
685,Meera Sharma,Female,36-45,43,1/1/1976,Minority,Muslim,RENT,100K+,Self-Employed,672
686,Nisha Reddy,Female,26-35,33,1/1/1987,ST,Sikh,RENT,100K+,Business,473
687,Kavya Sharma,Female,26-35,26,1/1/1993,SC,Hindu,RENT,75K-100K,Business,398
688,Kavya Malhotra,Female,36-45,36,1/1/1983,ST,Sikh,RENT,<25K,Salaried,514
689,Meera Joshi,Female,26-35,31,24-05-1988,ST,Sikh,OWN,<25K,Business,532
690,Kavya Reddy,Female,18-25,23,2/2/1994,General,Hindu,RENT,25K-50K,Business,503
691,Ananya Malhotra,Female,36-45,44,1/1/1975,SC,Hindu,MORTGAGE,<25K,Self-Employed,361
692,Laksh Reddy,Female,26-35,34,1/1/1985,OBC,Hindu,RENT,<25K,Salaried,707
693,Kavya Gupta,Female,36-45,45,1/1/1972,General,Hindu,RENT,75K-100K,Self-Employed,773
694,Meera Gupta,Female,26-35,29,1/1/1989,ST,Sikh,RENT,75K-100K,Self-Employed,369
695,Meera Mehta,Female,36-45,45,1/1/1974,Minority,Muslim,RENT,75K-100K,Business,357
696,Meera Gupta,Female,46-55,47,1/6/1972,Minority,Muslim,MORTGAGE,25K-50K,Self-Employed,346
697,Kavya Mehta,Female,18-25,23,12/12/1996,ST,Sikh,MORTGAGE,50K-75K,Salaried,443
698,Aarav Joshi,Female,18-25,22,27-10-1997,General,Hindu,RENT,<25K,Salaried,516
699,Nisha Chopra,Female,26-35,28,1/1/1989,General,Hindu,RENT,<25K,Self-Employed,553
700,Kavya Mehta,Female,26-35,31,1/1/1987,ST,Muslim,RENT,<25K,Self-Employed,466
701,Ananya Malhotra,Female,36-45,44,1/1/1975,SC,Hindu,MORTGAGE,<25K,Self-Employed,361
702,Meera Patel,Female,26-35,28,4/12/1989,SC,Hindu,RENT,25K-50K,Business,385
703,Meera Patel,Female,26-35,28,4/12/1989,SC,Hindu,RENT,25K-50K,Business,385
704,Aarav Malhotra,Female,46-55,53,1/1/1966,Minority,Muslim,RENT,25K-50K,Business,812
705,Aditya Reddy,Female,36-45,38,1/1/1982,ST,Sikh,RENT,75K-100K,Self-Employed,467
706,Kavya Gupta,Female,36-45,45,1/1/1972,General,Hindu,RENT,75K-100K,Self-Employed,773
707,Vivaan Reddy,Female,36-45,37,1/1/1980,OBC,Hindu,RENT,25K-50K,Salaried,426
708,Nisha Reddy,Female,36-45,38,5/11/1980,General,Muslim,RENT,50K-75K,Self-Employed,755
709,Nisha Reddy,Female,36-45,42,1/1/1977,SC,Hindu,RENT,100K+,Self-Employed,668
710,Aditya Verma,Female,36-45,40,29-01-1979,Minority,Muslim,RENT,50K-75K,Salaried,714
711,Aditya Verma,Female,36-45,40,29-01-1979,Minority,Muslim,RENT,50K-75K,Salaried,714
712,Meera Nair,Female,46-55,50,1/1/1970,ST,Sikh,RENT,25K-50K,Business,664
713,Diya Chopra,Female,26-35,35,20-03-1984,SC,Hindu,RENT,75K-100K,Self-Employed,567
714,Vivaan Joshi,Female,26-35,33,15-06-1986,SC,Sikh,MORTGAGE,75K-100K,Self-Employed,847
715,Kavya Gupta,Female,26-35,35,1/1/1984,ST,Sikh,RENT,50K-75K,Business,721
716,Nisha Nair,Female,26-35,28,8/11/1991,ST,Sikh,MORTGAGE,25K-50K,Self-Employed,641
717,Kavya Verma,Female,36-45,37,1/1/1980,General,Hindu,RENT,<25K,Self-Employed,479
718,Ananya Reddy,Female,36-45,39,18-05-1978,SC,Hindu,RENT,25K-50K,Self-Employed,571
719,Laksh Sharma,Female,46-55,46,1/1/1973,Minority,Muslim,RENT,<25K,Self-Employed,512
720,Ananya Patel,Female,36-45,43,1/3/1975,Minority,Muslim,RENT,75K-100K,Salaried,558
721,Nisha Patel,Female,26-35,34,1/1/1983,SC,Hindu,RENT,75K-100K,Salaried,734
722,Meera Sharma,Female,36-45,43,1/1/1976,Minority,Muslim,RENT,100K+,Self-Employed,672
723,Ananya Nair,Female,36-45,44,1/1/1975,ST,Sikh,RENT,50K-75K,Self-Employed,638
724,Laksh Reddy,Female,26-35,29,1/1/1990,OBC,Hindu,RENT,75K-100K,Business,311
725,Nisha Chopra,Female,26-35,28,1/1/1989,General,Hindu,RENT,<25K,Self-Employed,553
726,Ananya Sharma,Female,26-35,29,10/11/1990,General,Hindu,MORTGAGE,<25K,Self-Employed,712
727,Kavya Chopra,Female,18-25,23,1/1/1994,General,Hindu,RENT,75K-100K,Business,588
728,Ananya Malhotra,Female,36-45,44,1/1/1975,SC,Hindu,MORTGAGE,<25K,Self-Employed,361
729,Kavya Mehta,Female,36-45,45,14-03-1973,General,Muslim,OWN,50K-75K,Business,490
730,Aarav Verma,Female,26-35,33,2/6/1985,ST,Sikh,MORTGAGE,25K-50K,Salaried,754
731,Aarav Joshi,Female,18-25,22,27-10-1997,General,Hindu,RENT,<25K,Salaried,516
732,Aditya Sharma,Female,26-35,32,1/1/1985,General,Hindu,RENT,50K-75K,Self-Employed,821
733,Aditya Joshi,Female,46-55,54,1/1/1963,OBC,Hindu,RENT,50K-75K,Business,357
734,Kavya Verma,Female,26-35,35,5/1/1984,ST,Sikh,RENT,75K-100K,Salaried,516
735,Kavya Gupta,Female,36-45,43,1/1/1976,Minority,Muslim,RENT,<25K,Self-Employed,528
736,Meera Nair,Female,46-55,50,1/1/1970,ST,Sikh,RENT,25K-50K,Business,664
737,Ananya Sharma,Female,46-55,52,1/1/1967,Minority,Muslim,RENT,<25K,Business,557
738,Laksh Patel,Female,46-55,46,1/1/1973,General,Hindu,RENT,50K-75K,Business,467
739,Meera Mehta,Female,46-55,49,5/10/1970,Minority,Muslim,MORTGAGE,<25K,Salaried,825
740,Nisha Joshi,Female,26-35,35,1/1/1984,ST,Sikh,RENT,<25K,Business,697
741,Kavya Gupta,Female,36-45,45,1/1/1972,General,Hindu,RENT,75K-100K,Self-Employed,773
742,Ananya Sharma,Female,26-35,29,10/11/1990,General,Hindu,MORTGAGE,<25K,Self-Employed,712
743,Nisha Malhotra,Female,26-35,29,1/1/1991,ST,Sikh,MORTGAGE,100K+,Self-Employed,799
744,Ananya Patel,Female,36-45,43,1/3/1975,Minority,Muslim,RENT,75K-100K,Salaried,558
745,Laksh Patel,Female,46-55,46,1/1/1973,General,Hindu,RENT,50K-75K,Business,467
746,Kavya Chopra,Female,36-45,36,1/1/1984,Minority,Muslim,RENT,75K-100K,Self-Employed,307
747,Ishaan Sharma,Female,46-55,46,1/1/1973,ST,Sikh,MORTGAGE,100K+,Business,522
748,Ishaan Mehta,Female,46-55,54,10/10/1965,General,Hindu,MORTGAGE,50K-75K,Business,629
749,Ishaan Mehta,Female,46-55,54,10/10/1965,General,Hindu,MORTGAGE,50K-75K,Business,629
750,Ishaan Patel,Female,36-45,39,1/1/1980,Minority,Muslim,RENT,75K-100K,Self-Employed,472
751,Meera Gupta,Female,46-55,55,1/1/1962,ST,Christian,RENT,100K+,Business,773
752,Kavya Reddy,Female,18-25,23,2/2/1994,General,Hindu,RENT,25K-50K,Business,503
753,Meera Gupta,Female,46-55,52,1/1/1967,ST,Sikh,RENT,<25K,Business,805
754,Meera Nair,Female,46-55,50,1/1/1970,ST,Sikh,RENT,25K-50K,Business,664
755,Ananya Reddy,Female,26-35,29,1/1/1989,ST,Sikh,RENT,100K+,Salaried,324
756,Kavya Patel,Female,36-45,38,1/1/1980,ST,Sikh,MORTGAGE,25K-50K,Business,683
757,Diya Joshi,Female,36-45,43,1/1/1974,SC,Christian,RENT,50K-75K,Self-Employed,645
758,Aditya Mehta,Female,46-55,46,1/1/1974,Minority,Muslim,RENT,<25K,Business,708
759,Kavya Verma,Female,36-45,39,1/1/1980,ST,Sikh,RENT,100K+,Business,791
760,Nisha Reddy,Female,26-35,33,1/1/1987,ST,Sikh,RENT,100K+,Business,473
761,Kavya Chopra,Female,36-45,43,10/3/1975,General,Muslim,OWN,100K+,Business,300
762,Kavya Verma,Female,36-45,37,1/1/1980,General,Hindu,RENT,<25K,Self-Employed,479
763,Kavya Patel,Female,36-45,38,1/1/1980,ST,Sikh,MORTGAGE,25K-50K,Business,683
764,Aditya Joshi,Female,46-55,54,1/1/1963,OBC,Hindu,RENT,50K-75K,Business,357
765,Meera Sharma,Female,36-45,45,1/1/1972,OBC,Hindu,OWN,75K-100K,Business,417
766,Kavya Chopra,Female,36-45,36,1/1/1984,Minority,Muslim,RENT,75K-100K,Self-Employed,307
767,Meera Verma,Female,26-35,34,1/1/1984,ST,Sikh,RENT,100K+,Self-Employed,464
768,Laksh Mehta,Female,36-45,40,1/1/1979,ST,Sikh,RENT,50K-75K,Self-Employed,318
769,Meera Chopra,Female,46-55,53,5/7/1966,ST,Sikh,RENT,75K-100K,Business,551
770,Vivaan Gupta,Female,46-55,46,1/1/1973,ST,Sikh,OWN,75K-100K,Business,481
771,Aarav Reddy,Female,46-55,55,1/1/1963,General,Muslim,MORTGAGE,<25K,Self-Employed,750
772,Laksh Patel,Female,46-55,46,1/1/1973,General,Hindu,RENT,50K-75K,Business,467
773,Nisha Chopra,Female,46-55,52,1/1/1965,General,Hindu,RENT,100K+,Salaried,322
774,Ananya Reddy,Female,18-25,22,1/1/1995,General,Hindu,MORTGAGE,75K-100K,Business,640
775,Meera Gupta,Female,46-55,47,1/6/1972,Minority,Muslim,MORTGAGE,25K-50K,Self-Employed,346
776,Meera Nair,Female,36-45,43,1/1/1974,SC,Hindu,MORTGAGE,<25K,Salaried,453
777,Meera Reddy,Female,46-55,49,1/1/1970,ST,Hindu,OWN,75K-100K,Salaried,374
778,Laksh Malhotra,Female,46-55,51,1/1/1968,General,Muslim,MORTGAGE,75K-100K,Self-Employed,804
779,Meera Gupta,Female,46-55,55,1/1/1962,ST,Christian,RENT,100K+,Business,773
780,Aditya Verma,Female,36-45,40,29-01-1979,Minority,Muslim,RENT,50K-75K,Salaried,714
781,Ananya Sharma,Female,26-35,32,1/1/1985,OBC,Hindu,RENT,100K+,Self-Employed,584
782,Nisha Malhotra,Female,26-35,29,1/1/1991,ST,Sikh,MORTGAGE,100K+,Self-Employed,799
783,Aditya Mehta,Female,36-45,38,1/1/1980,SC,Hindu,OWN,25K-50K,Business,696
784,Ananya Patel,Female,36-45,43,1/3/1975,Minority,Muslim,RENT,75K-100K,Salaried,558
785,Diya Sharma,Female,26-35,34,1/1/1984,ST,Sikh,MORTGAGE,100K+,Self-Employed,341
786,Diya Patel,Female,36-45,44,8/9/1975,General,Hindu,MORTGAGE,25K-50K,Salaried,601
787,Meera Gupta,Female,46-55,55,1/1/1962,ST,Christian,RENT,100K+,Business,773
788,Ishaan Joshi,Female,36-45,43,2/4/1976,General,Hindu,RENT,100K+,Salaried,675
789,Meera Chopra,Female,36-45,36,1/1/1981,OBC,Christian,RENT,75K-100K,Self-Employed,419
790,Diya Verma,Female,26-35,35,1/1/1984,ST,Sikh,MORTGAGE,25K-50K,Self-Employed,744
791,Ishaan Nair,Female,36-45,36,26-03-1983,OBC,Hindu,MORTGAGE,25K-50K,Self-Employed,552
792,Nisha Reddy,Female,36-45,42,1/1/1977,SC,Hindu,RENT,100K+,Self-Employed,668
793,Aditya Joshi,Female,46-55,54,1/1/1963,OBC,Hindu,RENT,50K-75K,Business,357
794,Kavya Gupta,Female,36-45,43,1/1/1976,Minority,Muslim,RENT,<25K,Self-Employed,528
795,Aditya Malhotra,Female,46-55,51,1/1/1968,OBC,Hindu,RENT,25K-50K,Self-Employed,389
796,Nisha Patel,Female,36-45,41,1/1/1976,General,Hindu,RENT,100K+,Salaried,399
797,Ananya Reddy,Female,36-45,39,18-05-1978,SC,Hindu,RENT,25K-50K,Self-Employed,571
798,Ananya Reddy,Female,26-35,29,1/1/1989,ST,Sikh,RENT,100K+,Salaried,324
799,Aarav Malhotra,Female,46-55,46,1/8/1973,Minority,Muslim,MORTGAGE,100K+,Salaried,604
800,Ishaan Nair,Female,36-45,41,1/1/1977,ST,Sikh,MORTGAGE,<25K,Salaried,338
801,Meera Nair,Female,46-55,50,1/1/1970,ST,Sikh,RENT,25K-50K,Business,664
802,Laksh Sharma,Female,46-55,46,1/1/1973,Minority,Muslim,RENT,<25K,Self-Employed,512
803,Laksh Malhotra,Female,36-45,38,1/1/1981,ST,Sikh,MORTGAGE,50K-75K,Salaried,485
804,Vivaan Patel,Female,46-55,51,1/1/1966,SC,Hindu,MORTGAGE,100K+,Business,375
805,Laksh Sharma,Female,46-55,46,1/1/1973,Minority,Muslim,RENT,<25K,Self-Employed,512
806,Laksh Reddy,Female,26-35,31,11/1/1988,SC,Hindu,RENT,25K-50K,Salaried,315
807,Laksh Mehta,Female,36-45,44,28-07-1975,General,Muslim,RENT,50K-75K,Salaried,425
808,Kavya Chopra,Female,36-45,43,10/3/1975,General,Muslim,OWN,100K+,Business,300
809,Aditya Mehta,Female,26-35,32,1/1/1986,ST,Sikh,RENT,75K-100K,Salaried,666
810,Aarav Malhotra,Female,46-55,53,1/1/1966,Minority,Muslim,RENT,25K-50K,Business,812
811,Aditya Malhotra,Female,46-55,51,1/1/1968,OBC,Hindu,RENT,25K-50K,Self-Employed,389
812,Kavya Gupta,Female,36-45,39,1/1/1978,OBC,Hindu,RENT,50K-75K,Salaried,692
813,Kavya Verma,Female,36-45,39,1/1/1980,ST,Sikh,RENT,100K+,Business,791
814,Ananya Malhotra,Female,46-55,54,1/1/1965,Minority,Muslim,RENT,25K-50K,Self-Employed,433
815,Vivaan Malhotra,Female,46-55,53,1/1/1964,SC,Hindu,RENT,75K-100K,Business,488
816,Ananya Nair,Female,36-45,44,1/1/1975,ST,Sikh,RENT,50K-75K,Self-Employed,638
817,Meera Malhotra,Female,46-55,50,1/1/1970,Minority,Muslim,RENT,<25K,Salaried,416
818,Laksh Mehta,Female,36-45,40,1/1/1979,ST,Sikh,RENT,50K-75K,Self-Employed,318
819,Laksh Reddy,Female,26-35,34,1/1/1985,OBC,Hindu,RENT,<25K,Salaried,707
820,Aditya Patel,Female,26-35,27,11/4/1992,ST,Sikh,MORTGAGE,75K-100K,Salaried,600
821,Kavya Patel,Female,36-45,38,1/1/1980,ST,Sikh,MORTGAGE,25K-50K,Business,683
822,Laksh Reddy,Female,26-35,29,1/1/1990,OBC,Hindu,RENT,75K-100K,Business,311
823,Aarav Verma,Female,26-35,33,2/6/1985,ST,Sikh,MORTGAGE,25K-50K,Salaried,754
824,Laksh Reddy,Female,26-35,31,11/1/1988,SC,Hindu,RENT,25K-50K,Salaried,315
825,Aditya Joshi,Female,46-55,54,1/1/1963,OBC,Hindu,RENT,50K-75K,Business,357
826,Vivaan Patel,Female,26-35,29,1/1/1988,OBC,Hindu,RENT,100K+,Salaried,395
827,Meera Joshi,Female,26-35,31,24-05-1988,ST,Sikh,OWN,<25K,Business,532
828,Kavya Mehta,Female,46-55,52,1/1/1967,General,Muslim,RENT,<25K,Business,390
829,Meera Nair,Female,36-45,43,1/1/1974,SC,Hindu,MORTGAGE,<25K,Salaried,453
830,Ananya Sharma,Female,46-55,52,1/1/1967,Minority,Muslim,RENT,<25K,Business,557
831,Aditya Joshi,Female,46-55,54,1/1/1963,OBC,Hindu,RENT,50K-75K,Business,357
832,Laksh Nair,Female,46-55,51,1/10/1967,General,Muslim,RENT,<25K,Salaried,338
833,Nisha Verma,Female,18-25,22,10/10/1996,ST,Sikh,MORTGAGE,100K+,Salaried,564
834,Aditya Joshi,Female,26-35,35,1/1/1984,General,Hindu,RENT,<25K,Business,624
835,Vivaan Gupta,Female,46-55,46,1/1/1973,ST,Sikh,OWN,75K-100K,Business,481
836,Ishaan Gupta,Female,26-35,28,1/1/1989,SC,Hindu,RENT,100K+,Business,536
837,Laksh Malhotra,Female,46-55,51,1/1/1968,General,Muslim,MORTGAGE,75K-100K,Self-Employed,804
838,Aarav Patel,Female,26-35,31,1/1/1988,ST,Sikh,MORTGAGE,50K-75K,Business,462
839,Aditya Malhotra,Female,46-55,51,1/1/1968,OBC,Hindu,RENT,25K-50K,Self-Employed,389
840,Diya Reddy,Female,36-45,36,1/1/1983,SC,Hindu,MORTGAGE,25K-50K,Business,796
841,Ishaan Joshi,Female,36-45,43,2/4/1976,General,Hindu,RENT,100K+,Salaried,675
842,Nisha Patel,Female,36-45,41,1/1/1976,General,Hindu,RENT,100K+,Salaried,399
843,Ishaan Mehta,Female,26-35,31,1/1/1988,ST,Sikh,RENT,50K-75K,Business,696
844,Ananya Patel,Female,36-45,43,1/3/1975,Minority,Muslim,RENT,75K-100K,Salaried,558
845,Meera Nair,Female,36-45,43,1/1/1974,SC,Hindu,MORTGAGE,<25K,Salaried,453
846,Ananya Nair,Female,36-45,44,1/1/1975,ST,Sikh,RENT,50K-75K,Self-Employed,638
847,Kavya Gupta,Female,36-45,39,1/1/1978,OBC,Hindu,RENT,50K-75K,Salaried,692
848,Nisha Reddy,Female,36-45,38,5/11/1980,General,Muslim,RENT,50K-75K,Self-Employed,755
849,Kavya Malhotra,Female,36-45,36,1/1/1983,ST,Sikh,RENT,<25K,Salaried,514
850,Ananya Chopra,Female,36-45,45,1/1/1974,SC,Hindu,RENT,75K-100K,Salaried,311
851,Aditya Joshi,Female,46-55,54,1/1/1963,OBC,Hindu,RENT,50K-75K,Business,357
852,Laksh Nair,Female,46-55,51,1/10/1967,General,Muslim,RENT,<25K,Salaried,338
853,Aditya Joshi,Female,26-35,35,1/1/1984,General,Hindu,RENT,<25K,Business,624
854,Meera Gupta,Female,26-35,29,1/1/1989,ST,Sikh,RENT,75K-100K,Self-Employed,369
855,Kavya Reddy,Female,18-25,23,2/2/1994,General,Hindu,RENT,25K-50K,Business,503
856,Aarav Sharma,Female,46-55,46,5/4/1973,SC,Hindu,RENT,100K+,Business,459
857,Diya Nair,Female,36-45,38,12/10/1980,General,Muslim,MORTGAGE,75K-100K,Self-Employed,668
858,Diya Mehta,Female,36-45,38,1/1/1981,ST,Sikh,MORTGAGE,25K-50K,Business,308
859,Kavya Malhotra,Female,26-35,33,30-05-1985,General,Hindu,RENT,100K+,Self-Employed,716
860,Kavya Reddy,Female,26-35,35,1/1/1982,General,Hindu,RENT,50K-75K,Salaried,656
861,Diya Joshi,Female,36-45,43,1/1/1974,SC,Christian,RENT,50K-75K,Self-Employed,645
862,Nisha Verma,Female,18-25,22,10/10/1996,ST,Sikh,MORTGAGE,100K+,Salaried,564
863,Aarav Malhotra,Female,46-55,46,1/8/1973,Minority,Muslim,MORTGAGE,100K+,Salaried,604
864,Aditya Patel,Female,26-35,27,11/4/1992,ST,Sikh,MORTGAGE,75K-100K,Salaried,600
865,Kavya Gupta,Female,36-45,39,1/1/1978,OBC,Hindu,RENT,50K-75K,Salaried,692
866,Nisha Chopra,Female,46-55,49,10/11/1970,SC,Hindu,RENT,75K-100K,Business,641
867,Vivaan Gupta,Female,46-55,50,1/1/1968,ST,Sikh,RENT,50K-75K,Self-Employed,768
868,Laksh Patel,Female,26-35,28,1/1/1991,SC,Hindu,MORTGAGE,75K-100K,Business,844
869,Meera Nair,Female,36-45,38,1/1/1980,ST,Sikh,OWN,75K-100K,Self-Employed,368
870,Vivaan Gupta,Female,46-55,50,1/1/1968,ST,Sikh,RENT,50K-75K,Self-Employed,768
871,Meera Malhotra,Female,46-55,50,1/1/1970,Minority,Muslim,RENT,<25K,Salaried,416
872,Aarav Sharma,Female,26-35,30,18-02-1987,SC,Hindu,RENT,<25K,Business,368
873,Laksh Gupta,Female,36-45,36,8/9/1983,General,Muslim,OWN,<25K,Business,807
874,Laksh Patel,Female,36-45,44,25-05-1974,ST,Hindu,RENT,<25K,Self-Employed,342
875,Diya Patel,Female,18-25,,,ST,Sikh,MORTGAGE,<25K,Salaried,476
876,Vivaan Gupta,Female,46-55,50,1/1/1968,ST,Sikh,RENT,50K-75K,Self-Employed,768
877,Vivaan Joshi,Female,26-35,29,1/1/1990,Minority,Hindu,MORTGAGE,75K-100K,Business,395
878,Ishaan Sharma,Female,46-55,46,1/1/1973,ST,Sikh,MORTGAGE,100K+,Business,522
879,Meera Nair,Female,36-45,38,1/1/1980,ST,Sikh,OWN,75K-100K,Self-Employed,368
880,Laksh Sharma,Female,56-63,56,1/1/1962,Minority,Muslim,MORTGAGE,75K-100K,Business,532
881,Nisha Chopra,Female,46-55,52,1/1/1965,General,Hindu,RENT,100K+,Salaried,322
882,Kavya Chopra,Female,18-25,23,1/1/1994,General,Hindu,RENT,75K-100K,Business,588
883,Laksh Sharma,Female,26-35,31,1/1/1988,SC,Hindu,RENT,100K+,Self-Employed,672
884,Aditya Reddy,Female,36-45,38,1/1/1982,ST,Sikh,RENT,75K-100K,Self-Employed,467
885,Diya Reddy,Female,36-45,36,1/1/1983,SC,Hindu,MORTGAGE,25K-50K,Business,796
886,Aarav Sharma,Female,26-35,30,18-02-1987,SC,Hindu,RENT,<25K,Business,368
887,Laksh Sharma,Female,26-35,29,1/1/1989,ST,Sikh,MORTGAGE,<25K,Self-Employed,695
888,Kavya Mehta,Female,36-45,37,12/1/1982,ST,Hindu,MORTGAGE,75K-100K,Business,414
889,Ishaan Gupta,Female,26-35,28,1/1/1989,SC,Hindu,RENT,100K+,Business,536
890,Ishaan Nair,Female,18-25,24,10/8/1995,SC,Hindu,MORTGAGE,<25K,Business,491
891,Nisha Patel,Female,26-35,34,1/1/1983,SC,Hindu,RENT,75K-100K,Salaried,734
892,Aarav Reddy,Female,46-55,55,1/1/1963,General,Muslim,MORTGAGE,<25K,Self-Employed,750
893,Aditya Joshi,Female,26-35,35,1/1/1984,General,Hindu,RENT,<25K,Business,624
894,Laksh Malhotra,Female,46-55,51,1/1/1968,General,Muslim,MORTGAGE,75K-100K,Self-Employed,804
895,Kavya Sharma,Female,26-35,26,1/1/1993,SC,Hindu,RENT,75K-100K,Business,398
896,Aarav Malhotra,Female,46-55,53,1/1/1966,Minority,Muslim,RENT,25K-50K,Business,812
897,Kavya Mehta,Female,36-45,45,14-03-1973,General,Muslim,OWN,50K-75K,Business,490
898,Nisha Malhotra,Female,36-45,36,1/1/1983,SC,Hindu,MORTGAGE,100K+,Self-Employed,489
899,Laksh Sharma,Female,36-45,37,1/1/1982,Minority,Muslim,RENT,<25K,Self-Employed,740
900,Nisha Reddy,Female,36-45,42,1/1/1977,SC,Hindu,RENT,100K+,Self-Employed,668
901,Nisha Patel,Female,36-45,41,1/1/1976,General,Hindu,RENT,100K+,Salaried,399
902,Meera Verma,Female,26-35,34,1/1/1984,ST,Sikh,RENT,100K+,Self-Employed,464
903,Kavya Reddy,Female,46-55,49,8/6/1970,Minority,Muslim,RENT,<25K,Salaried,442
904,Aditya Verma,Female,36-45,40,29-01-1979,Minority,Muslim,RENT,50K-75K,Salaried,714
905,Ishaan Mehta,Female,36-45,39,1/1/1978,OBC,Hindu,OWN,50K-75K,Self-Employed,812
906,Vivaan Verma,Female,46-55,52,1/1/1967,ST,Sikh,RENT,100K+,Salaried,626
907,Aarav Gupta,Female,26-35,27,12/3/1992,SC,Hindu,OWN,100K+,Salaried,693
908,Nisha Reddy,Female,26-35,33,1/1/1987,ST,Sikh,RENT,100K+,Business,473
909,Ananya Mehta,Female,26-35,30,1/1/1988,ST,Sikh,RENT,75K-100K,Business,783
910,Laksh Nair,Female,46-55,51,1/10/1967,General,Muslim,RENT,<25K,Salaried,338
911,Meera Chopra,Female,46-55,53,5/7/1966,ST,Sikh,RENT,75K-100K,Business,551
912,Nisha Patel,Female,26-35,34,1/1/1983,SC,Hindu,RENT,75K-100K,Salaried,734
913,Laksh Nair,Female,46-55,51,1/10/1967,General,Muslim,RENT,<25K,Salaried,338
914,Nisha Verma,Female,18-25,22,10/10/1996,ST,Sikh,MORTGAGE,100K+,Salaried,564
915,Ishaan Mehta,Female,46-55,54,10/10/1965,General,Hindu,MORTGAGE,50K-75K,Business,629
916,Aditya Mehta,Female,26-35,32,1/1/1986,ST,Sikh,RENT,75K-100K,Salaried,666
917,Laksh Reddy,Female,26-35,29,1/1/1990,OBC,Hindu,RENT,75K-100K,Business,311
918,Kavya Reddy,Female,46-55,49,8/6/1970,Minority,Muslim,RENT,<25K,Salaried,442
919,Vivaan Gupta,Female,46-55,46,1/1/1973,ST,Sikh,OWN,75K-100K,Business,481
920,Kavya Chopra,Female,18-25,23,1/1/1994,General,Hindu,RENT,75K-100K,Business,588
921,Aditya Mehta,Female,26-35,32,1/1/1986,ST,Sikh,RENT,75K-100K,Salaried,666
922,Nisha Joshi,Female,46-55,48,4/9/1971,General,Hindu,MORTGAGE,50K-75K,Business,657
923,Ishaan Chopra,Female,18-25,22,16-10-1997,ST,Sikh,MORTGAGE,50K-75K,Salaried,714
924,Diya Chopra,Female,26-35,35,20-03-1984,SC,Hindu,RENT,75K-100K,Self-Employed,567
925,Ananya Mehta,Female,36-45,38,1/1/1980,ST,Sikh,RENT,25K-50K,Salaried,398
926,Aditya Patel,Female,26-35,27,11/4/1992,ST,Sikh,MORTGAGE,75K-100K,Salaried,600
927,Vivaan Malhotra,Female,46-55,53,1/1/1964,SC,Hindu,RENT,75K-100K,Business,488
928,Nisha Verma,Female,26-35,35,1/1/1984,SC,Hindu,RENT,75K-100K,Salaried,792
929,Laksh Reddy,Female,26-35,31,11/1/1988,SC,Hindu,RENT,25K-50K,Salaried,315
930,Vivaan Gupta,Female,46-55,46,1/1/1973,ST,Sikh,OWN,75K-100K,Business,481
931,Aditya Verma,Female,36-45,40,29-01-1979,Minority,Muslim,RENT,50K-75K,Salaried,714
932,Vivaan Verma,Female,46-55,52,1/1/1967,ST,Sikh,RENT,100K+,Salaried,626
933,Meera Joshi,Female,46-55,53,1/1/1966,ST,Sikh,RENT,<25K,Salaried,529
934,Vivaan Reddy,Female,36-45,37,1/1/1980,OBC,Hindu,RENT,25K-50K,Salaried,426
935,Nisha Chopra,Female,46-55,49,10/11/1970,SC,Hindu,RENT,75K-100K,Business,641
936,Ananya Patel,Female,36-45,43,1/3/1975,Minority,Muslim,RENT,75K-100K,Salaried,558
937,Laksh Sharma,Female,36-45,37,1/1/1982,Minority,Muslim,RENT,<25K,Self-Employed,740
938,Kavya Malhotra,Female,26-35,34,1/1/1985,ST,Sikh,MORTGAGE,75K-100K,Business,328
939,Kavya Verma,Female,36-45,39,1/1/1980,ST,Sikh,RENT,100K+,Business,791
940,Ananya Sharma,Female,26-35,32,1/1/1985,OBC,Hindu,RENT,100K+,Self-Employed,584
941,Ishaan Patel,Female,36-45,39,1/1/1980,Minority,Muslim,RENT,75K-100K,Self-Employed,472
942,Ananya Mehta,Female,26-35,30,1/1/1988,ST,Sikh,RENT,75K-100K,Business,783
943,Vivaan Joshi,Female,26-35,29,1/1/1990,Minority,Hindu,MORTGAGE,75K-100K,Business,395
944,Aarav Malhotra,Female,46-55,46,1/8/1973,Minority,Muslim,MORTGAGE,100K+,Salaried,604
945,Meera Patel,Female,26-35,28,4/12/1989,SC,Hindu,RENT,25K-50K,Business,385
946,Meera Joshi,Female,36-45,42,1/1/1977,ST,Sikh,RENT,25K-50K,Salaried,534
947,Kavya Mehta,Female,26-35,31,1/1/1987,ST,Muslim,RENT,<25K,Self-Employed,466
948,Meera Sharma,Female,36-45,45,1/1/1972,OBC,Hindu,OWN,75K-100K,Business,417
949,Laksh Joshi,Female,36-45,36,1/1/1981,OBC,Christian,RENT,100K+,Self-Employed,357
950,Aditya Malhotra,Female,46-55,51,1/1/1968,OBC,Hindu,RENT,25K-50K,Self-Employed,389
951,Laksh Patel,Female,26-35,28,1/1/1991,SC,Hindu,MORTGAGE,75K-100K,Business,844
952,Meera Gupta,Female,46-55,55,1/1/1962,ST,Christian,RENT,100K+,Business,773
953,Nisha Reddy,Female,26-35,33,1/1/1987,ST,Sikh,RENT,100K+,Business,473
954,Laksh Malhotra,Female,46-55,51,1/1/1968,General,Muslim,MORTGAGE,75K-100K,Self-Employed,804
955,Laksh Reddy,Female,36-45,36,10/6/1981,OBC,Hindu,OWN,50K-75K,Business,787
956,Kavya Mehta,Female,26-35,31,1/1/1987,ST,Muslim,RENT,<25K,Self-Employed,466
957,Diya Chopra,Female,26-35,35,20-03-1984,SC,Hindu,RENT,75K-100K,Self-Employed,567
958,Ishaan Mehta,Female,36-45,39,1/1/1978,OBC,Hindu,OWN,50K-75K,Self-Employed,812
959,Nisha Reddy,Female,36-45,42,1/1/1977,SC,Hindu,RENT,100K+,Self-Employed,668
960,Vivaan Mehta,Female,18-25,24,1/3/1994,ST,Sikh,RENT,75K-100K,Business,431
961,Ananya Reddy,Female,26-35,29,1/1/1989,ST,Sikh,RENT,100K+,Salaried,324
962,Kavya Verma,Female,36-45,39,1/1/1980,ST,Sikh,RENT,100K+,Business,791
963,Ananya Sharma,Female,26-35,32,1/1/1985,OBC,Hindu,RENT,100K+,Self-Employed,584
964,Kavya Reddy,Female,56-63,59,1/1/1960,General,Muslim,RENT,50K-75K,Salaried,775
965,Laksh Malhotra,Female,46-55,51,1/1/1968,General,Muslim,MORTGAGE,75K-100K,Self-Employed,804
966,Aarav Malhotra,Female,46-55,46,1/8/1973,Minority,Muslim,MORTGAGE,100K+,Salaried,604
967,Laksh Malhotra,Female,46-55,51,1/1/1968,General,Muslim,MORTGAGE,75K-100K,Self-Employed,804
968,Laksh Sharma,Female,46-55,46,1/1/1973,Minority,Muslim,RENT,<25K,Self-Employed,512
969,Ananya Malhotra,Female,36-45,44,1/1/1975,SC,Hindu,MORTGAGE,<25K,Self-Employed,361
970,Diya Sharma,Female,26-35,34,1/1/1984,ST,Sikh,MORTGAGE,100K+,Self-Employed,341
971,Ishaan Mehta,Female,26-35,31,1/1/1988,ST,Sikh,RENT,50K-75K,Business,696
972,Aarav Malhotra,Female,46-55,47,1/1/1972,Minority,Muslim,RENT,<25K,Salaried,526
973,Nisha Joshi,Female,46-55,48,4/9/1971,General,Hindu,MORTGAGE,50K-75K,Business,657
974,Meera Chopra,Female,46-55,53,5/7/1966,ST,Sikh,RENT,75K-100K,Business,551
975,Diya Joshi,Female,36-45,43,1/1/1974,SC,Christian,RENT,50K-75K,Self-Employed,645
976,Meera Patel,Female,26-35,28,29-03-1991,ST,Sikh,RENT,25K-50K,Salaried,432
977,Kavya Mehta,Female,36-45,37,12/1/1982,ST,Hindu,MORTGAGE,75K-100K,Business,414
978,Kavya Gupta,Female,36-45,45,1/1/1972,General,Hindu,RENT,75K-100K,Self-Employed,773
979,Ananya Malhotra,Female,36-45,44,1/1/1975,SC,Hindu,MORTGAGE,<25K,Self-Employed,361
980,Ishaan Mehta,Female,26-35,31,1/1/1988,ST,Sikh,RENT,50K-75K,Business,696
981,Aditya Joshi,Female,46-55,54,1/1/1963,OBC,Hindu,RENT,50K-75K,Business,357
982,Meera Sharma,Female,18-25,22,14-12-1995,General,Hindu,RENT,<25K,Salaried,346
983,Nisha Verma,Female,18-25,22,10/10/1996,ST,Sikh,MORTGAGE,100K+,Salaried,564
984,Laksh Reddy,Female,26-35,29,1/1/1990,OBC,Hindu,RENT,75K-100K,Business,311
985,Meera Reddy,Female,26-35,32,1/1/1988,Minority,Muslim,RENT,100K+,Business,719
986,Laksh Nair,Female,46-55,51,1/10/1967,General,Muslim,RENT,<25K,Salaried,338
987,Meera Joshi,Female,46-55,53,1/1/1966,ST,Sikh,RENT,<25K,Salaried,529
988,Meera Mehta,Female,36-45,45,1/1/1974,Minority,Muslim,RENT,75K-100K,Business,357
989,Kavya Mehta,Female,36-45,45,14-03-1973,General,Muslim,OWN,50K-75K,Business,490
990,Diya Malhotra,Female,18-25,21,3/1/1998,ST,Sikh,RENT,50K-75K,Self-Employed,493
991,Diya Patel,Female,36-45,44,8/9/1975,General,Hindu,MORTGAGE,25K-50K,Salaried,601
992,Ishaan Joshi,Female,36-45,43,2/4/1976,General,Hindu,RENT,100K+,Salaried,675
993,Nisha Chopra,Female,26-35,28,1/1/1989,General,Hindu,RENT,<25K,Self-Employed,553
994,Aarav Joshi,Female,36-45,38,1/1/1981,ST,Sikh,RENT,50K-75K,Salaried,744
995,Ananya Reddy,Female,26-35,29,1/1/1989,ST,Sikh,RENT,100K+,Salaried,324
996,Meera Patel,Female,26-35,28,4/12/1989,SC,Hindu,RENT,25K-50K,Business,385
997,Diya Malhotra,Female,18-25,21,3/1/1998,ST,Sikh,RENT,50K-75K,Self-Employed,493
998,Ananya Patel,Female,36-45,43,1/3/1975,Minority,Muslim,RENT,75K-100K,Salaried,558
999,Diya Patel,Female,18-25,,,ST,Sikh,MORTGAGE,<25K,Salaried,476
1000,Meera Gupta,Female,46-55,55,1/1/1962,ST,Christian,RENT,100K+,Business,773
1001,Nisha Malhotra,Female,36-45,42,1/1/1977,SC,Hindu,RENT,25K-50K,Self-Employed,717
